INSERT INTO `cidades` VALUES ('c9ce91f4-6098-11e6-90cf-26627b42db81','c9d36530-6098-11e6-90cf-26627b42db81','São Paulo','2016-08-12 11:26:41.000000','2016-08-12 11:26:41.000000');
INSERT INTO `areas` VALUES ('c9d83ede-6098-11e6-90cf-26627b42db81','ec040f83-5c3a-49d8-8582-944632f0e811',1,'c9ce91f4-6098-11e6-90cf-26627b42db81','2016-08-12 11:26:41.000000','2016-08-15 15:29:09.123000'),('de3f9743-a78b-42b4-bccf-73f3080c513a','1e0ecc44-b003-484e-a9c0-ad44156da0fc',2,'c9ce91f4-6098-11e6-90cf-26627b42db81','2016-08-12 16:12:12.497000','2016-08-15 23:03:42.760000');

INSERT INTO `fabricantes` VALUES ('c9daec2e-6098-11e6-90cf-26627b42db81','c9e01a28-6098-11e6-90cf-26627b42db81','Raro Labs','2016-08-12 11:26:41.000000','2016-08-12 11:26:41.000000');
INSERT INTO `modelo_controladores` VALUES ('c9e2979e-6098-11e6-90cf-26627b42db81','c9e297b2-6098-11e6-90cf-26627b42db81','c9daec2e-6098-11e6-90cf-26627b42db81','Modelo Básico','2016-08-12 11:26:41.000000','2016-08-12 11:26:41.000000');
INSERT INTO `usuarios` VALUES ('c9e7ad06-6098-11e6-90cf-26627b42db81','$2a$10$EzudGIqkxquJjLGawuMrOu9K6S28yc/R/YSAVxsvb5bSryOYWd5eq',NULL,'root','root@influunt.com.br','Administrador Geral',1,NULL,NULL,'2016-08-12 11:26:42.000000','2016-08-12 11:26:42.000000');
INSERT INTO `sessoes` VALUES ('1860dd96-e3d0-48f7-a33a-b970d806a458',NULL,'c9e7ad06-6098-11e6-90cf-26627b42db81',1,'2016-08-16 10:36:02.172000'),('33b23134-569d-4cb7-add4-57eb25460027',NULL,'c9e7ad06-6098-11e6-90cf-26627b42db81',1,'2016-08-12 19:57:32.546000'),('3a8e439b-38af-45ce-a800-0b7d355046e7',NULL,'c9e7ad06-6098-11e6-90cf-26627b42db81',1,'2016-08-15 10:15:20.091000'),('8cf82d60-8300-4c09-92bb-b66ba5b5ec5b',NULL,'c9e7ad06-6098-11e6-90cf-26627b42db81',1,'2016-08-15 15:26:09.988000'),('8ec64734-8162-4157-8356-f02371c6556b',NULL,'c9e7ad06-6098-11e6-90cf-26627b42db81',1,'2016-08-12 11:27:01.977000'),('a97f04b4-e020-493f-a5f2-9a9e3512e1fa',NULL,'c9e7ad06-6098-11e6-90cf-26627b42db81',1,'2016-08-12 15:55:31.741000'),('d783e781-7547-4fc6-91a2-4e3bc7018712',NULL,'c9e7ad06-6098-11e6-90cf-26627b42db81',1,'2016-08-15 09:30:25.359000'),('e1a6aaca-4e49-4200-a9dc-ba3f00fce866',NULL,'c9e7ad06-6098-11e6-90cf-26627b42db81',1,'2016-08-15 22:22:16.097000');

INSERT INTO `perfis` VALUES ('c9ea2ee6-6098-11e6-90cf-26627b42db81',NULL,'Administrador','2016-08-12 11:26:42.000000','2016-08-12 11:26:42.000000'),('c9ef58bc-6098-11e6-90cf-26627b42db81',NULL,'Engenheiro','2016-08-12 11:26:42.000000','2016-08-12 11:26:42.000000'),('c9f1d47a-6098-11e6-90cf-26627b42db81',NULL,'Operador','2016-08-12 11:26:42.000000','2016-08-12 11:26:42.000000'),('c9f705d0-6098-11e6-90cf-26627b42db81',NULL,'Técnico','2016-08-12 11:26:42.000000','2016-08-12 11:26:42.000000');
INSERT INTO `permissoes` VALUES ('ca0ccd0c-6098-11e6-90cf-26627b42db81',NULL,'[Login] - Entrar no Sistema','POST /api/v1/login','2016-08-12 11:26:42.000000','2016-08-12 11:26:42.000000'),('ca22f47e-6098-11e6-90cf-26627b42db81',NULL,'[Cidade] - Listar Cidades','GET /api/v1/cidades','2016-08-12 11:26:42.000000','2016-08-12 11:26:42.000000'),('ca3157a8-6098-11e6-90cf-26627b42db81',NULL,'[Cidade] - Criar Nova Cidade','POST /api/v1/cidades','2016-08-12 11:26:42.000000','2016-08-12 11:26:42.000000'),('ca3ee422-6098-11e6-90cf-26627b42db81',NULL,'[Cidade] - Editar Cidade','PUT /api/v1/cidades/$id<[^/]+>','2016-08-12 11:26:42.000000','2016-08-12 11:26:42.000000'),('ca4af08c-6098-11e6-90cf-26627b42db81',NULL,'[Cidade] - Exibir uma Cidade','GET /api/v1/cidades/$id<[^/]+>','2016-08-12 11:26:42.000000','2016-08-12 11:26:42.000000'),('ca5ad506-6098-11e6-90cf-26627b42db81',NULL,'[Cidade] - Remover Cidade','DELETE /api/v1/cidades/$id<[^/]+>','2016-08-12 11:26:42.000000','2016-08-12 11:26:42.000000'),('ca676dd4-6098-11e6-90cf-26627b42db81',NULL,'[Área] - Listar Áreas','GET /api/v1/areas','2016-08-12 11:26:42.000000','2016-08-12 11:26:42.000000'),('ca74350a-6098-11e6-90cf-26627b42db81',NULL,'[Área] - Criar Nova Área','POST /api/v1/areas','2016-08-12 11:26:42.000000','2016-08-12 11:26:42.000000'),('ca811dd8-6098-11e6-90cf-26627b42db81',NULL,'[Área] - Editar Área','PUT /api/v1/areas/$id<[^/]+>','2016-08-12 11:26:43.000000','2016-08-12 11:26:43.000000'),('ca8d0c06-6098-11e6-90cf-26627b42db81',NULL,'[Área] - Exibir uma Área','GET /api/v1/areas/$id<[^/]+>','2016-08-12 11:26:43.000000','2016-08-12 11:26:43.000000'),('ca97ee78-6098-11e6-90cf-26627b42db81',NULL,'[Área] - Remover Área','DELETE /api/v1/areas/$id<[^/]+>','2016-08-12 11:26:43.000000','2016-08-12 11:26:43.000000'),('caa3f9f2-6098-11e6-90cf-26627b42db81',NULL,'[Agrupamento] - Listar Agrupamentos','GET /api/v1/agrupamentos','2016-08-12 11:26:43.000000','2016-08-12 11:26:43.000000'),('caaec99a-6098-11e6-90cf-26627b42db81',NULL,'[Agrupamento] - Criar Novo Agrupamento','POST /api/v1/agrupamentos','2016-08-12 11:26:43.000000','2016-08-12 11:26:43.000000'),('cabb8c7a-6098-11e6-90cf-26627b42db81',NULL,'[Agrupamento] - Editar Agrupamento','PUT /api/v1/agrupamentos/$id<[^/]+>','2016-08-12 11:26:43.000000','2016-08-12 11:26:43.000000'),('cad3f21a-6098-11e6-90cf-26627b42db81',NULL,'[Agrupamento] - Exibir um Agrupamento','GET /api/v1/agrupamentos/$id<[^/]+>','2016-08-12 11:26:43.000000','2016-08-12 11:26:43.000000'),('cae39300-6098-11e6-90cf-26627b42db81',NULL,'[Agrupamento] - Remover Agrupamento','DELETE /api/v1/agrupamentos/$id<[^/]+>','2016-08-12 11:26:43.000000','2016-08-12 11:26:43.000000'),('caf05252-6098-11e6-90cf-26627b42db81',NULL,'[Imagem] - Cadastrar Imagem','POST /api/v1/imagens','2016-08-12 11:26:43.000000','2016-08-12 11:26:43.000000'),('cafa92a8-6098-11e6-90cf-26627b42db81',NULL,'[Imagem] - Exibir Imagem','GET /api/v1/imagens/$id<[^/]+>','2016-08-12 11:26:43.000000','2016-08-12 11:26:43.000000'),('cb049c94-6098-11e6-90cf-26627b42db81',NULL,'[Permissão] - Listar Permissão','GET /api/v1/permissoes','2016-08-12 11:26:43.000000','2016-08-12 11:26:43.000000'),('cb1208fc-6098-11e6-90cf-26627b42db81',NULL,'[Permissão] - Criar Nova Permissão','POST /api/v1/permissoes','2016-08-12 11:26:43.000000','2016-08-12 11:26:43.000000'),('cb1c891c-6098-11e6-90cf-26627b42db81',NULL,'[Permissão] - Editar Permissão','PUT /api/v1/permissoes/$id<[^/]+>','2016-08-12 11:26:44.000000','2016-08-12 11:26:44.000000'),('cb28d24e-6098-11e6-90cf-26627b42db81',NULL,'[Permissão] - Exibir Permissão','GET /api/v1/permissoes/$id<[^/]+>','2016-08-12 11:26:44.000000','2016-08-12 11:26:44.000000'),('cb34e9b2-6098-11e6-90cf-26627b42db81',NULL,'[Permissão] - Remover Permissão','DELETE /api/v1/permissoes/$id<[^/]+>','2016-08-12 11:26:44.000000','2016-08-12 11:26:44.000000'),('cb3fd476-6098-11e6-90cf-26627b42db81',NULL,'[Perfil] - Listar Perfis','GET /api/v1/perfis','2016-08-12 11:26:44.000000','2016-08-12 11:26:44.000000'),('cb4c8eaa-6098-11e6-90cf-26627b42db81',NULL,'[Perfil] - Criar Novo Perfil','POST /api/v1/perfis','2016-08-12 11:26:44.000000','2016-08-12 11:26:44.000000'),('cb56c56e-6098-11e6-90cf-26627b42db81',NULL,'[Perfil] - Editar Perfil','PUT /api/v1/perfis/$id<[^/]+>','2016-08-12 11:26:44.000000','2016-08-12 11:26:44.000000'),('cb62e39e-6098-11e6-90cf-26627b42db81',NULL,'[Perfil] - Exibir Perfil','GET /api/v1/perfis/$id<[^/]+>','2016-08-12 11:26:44.000000','2016-08-12 11:26:44.000000'),('cb6d1008-6098-11e6-90cf-26627b42db81',NULL,'[Perfil] - Remover Perfil','DELETE /api/v1/perfis/$id<[^/]+>','2016-08-12 11:26:44.000000','2016-08-12 11:26:44.000000'),('cb798b6c-6098-11e6-90cf-26627b42db81',NULL,'[Usuário] - Listar Usuários','GET /api/v1/usuarios','2016-08-12 11:26:44.000000','2016-08-12 11:26:44.000000'),('cb848f94-6098-11e6-90cf-26627b42db81',NULL,'[Usuário] - Criar um Novo Usuário','POST /api/v1/usuarios','2016-08-12 11:26:44.000000','2016-08-12 11:26:44.000000'),('cb8ec2de-6098-11e6-90cf-26627b42db81',NULL,'[Usuário] - Editar um Novo Usuário','PUT /api/v1/usuarios/$id<[^/]+>','2016-08-12 11:26:44.000000','2016-08-12 11:26:44.000000'),('cb9ab4f4-6098-11e6-90cf-26627b42db81',NULL,'[Usuário] - Exibir um Usuário','GET /api/v1/usuarios/$id<[^/]+>','2016-08-12 11:26:44.000000','2016-08-12 11:26:44.000000'),('cba5178c-6098-11e6-90cf-26627b42db81',NULL,'[Usuário] - Remover Usuários','DELETE /api/v1/usuarios/$id<[^/]+>','2016-08-12 11:26:44.000000','2016-08-12 11:26:44.000000'),('cbb18ddc-6098-11e6-90cf-26627b42db81',NULL,'[Fabricante] - Listar Fabricantes','GET /api/v1/fabricantes','2016-08-12 11:26:45.000000','2016-08-12 11:26:45.000000'),('cbbe4eaa-6098-11e6-90cf-26627b42db81',NULL,'[Fabricante] - Cadastrar Novo Fabricante','POST /api/v1/fabricantes','2016-08-12 11:26:45.000000','2016-08-12 11:26:45.000000'),('cbc93df6-6098-11e6-90cf-26627b42db81',NULL,'[Fabricante] - Editar Fabricante','PUT /api/v1/fabricantes/$id<[^/]+>','2016-08-12 11:26:45.000000','2016-08-12 11:26:45.000000'),('cbd5fab4-6098-11e6-90cf-26627b42db81',NULL,'[Fabricante] - Exibir Fabricante','GET /api/v1/fabricantes/$id<[^/]+>','2016-08-12 11:26:45.000000','2016-08-12 11:26:45.000000'),('cbe01be8-6098-11e6-90cf-26627b42db81',NULL,'[Fabricante] - Remover Fabricante','DELETE /api/v1/fabricantes/$id<[^/]+>','2016-08-12 11:26:45.000000','2016-08-12 11:26:45.000000'),('cbecb934-6098-11e6-90cf-26627b42db81',NULL,'[Controladores] - Listar Controladores','GET /api/v1/controladores','2016-08-12 11:26:45.000000','2016-08-12 11:26:45.000000'),('cbf67b18-6098-11e6-90cf-26627b42db81',NULL,'[Controladores] - Exibir Controlador','GET /api/v1/controladores/$id<[^/]+>','2016-08-12 11:26:45.000000','2016-08-12 11:26:45.000000'),('cc03c818-6098-11e6-90cf-26627b42db81',NULL,'[Controladores] - Remover Controlador','DELETE /api/v1/controladores/$id<[^/]+>','2016-08-12 11:26:45.000000','2016-08-12 11:26:45.000000'),('cc0de7e4-6098-11e6-90cf-26627b42db81',NULL,'[Controladores] - Cadastrar Dados Básicos','POST /api/v1/controladores/dados_basicos','2016-08-12 11:26:45.000000','2016-08-12 11:26:45.000000'),('cc1a1a6e-6098-11e6-90cf-26627b42db81',NULL,'[Controladores] - Cadastrar Anéis','POST /api/v1/controladores/aneis','2016-08-12 11:26:45.000000','2016-08-12 11:26:45.000000'),('cc241816-6098-11e6-90cf-26627b42db81',NULL,'[Controladores] - Cadastrar Grupos Semafóricos','POST /api/v1/controladores/grupos_semaforicos','2016-08-12 11:26:45.000000','2016-08-12 11:26:45.000000'),('cc2e8512-6098-11e6-90cf-26627b42db81',NULL,'[Controladores] - Associar Grupos Semafóricos','POST /api/v1/controladores/associacao_grupos_semaforicos','2016-08-12 11:26:45.000000','2016-08-12 11:26:45.000000'),('cc3aeabe-6098-11e6-90cf-26627b42db81',NULL,'[Controladores] - Cadastrar Verdes Conflitantes','POST /api/v1/controladores/verdes_conflitantes','2016-08-12 11:26:45.000000','2016-08-12 11:26:45.000000'),('cc45ea22-6098-11e6-90cf-26627b42db81',NULL,'[Controladores] - Cadastrar Transições Proibidas','POST /api/v1/controladores/transicoes_proibidas','2016-08-12 11:26:46.000000','2016-08-12 11:26:46.000000'),('cc52a6e0-6098-11e6-90cf-26627b42db81',NULL,'[Controladores] - Cadastrar Tabelas Entre-Verdes','POST /api/v1/controladores/entre_verdes','2016-08-12 11:26:46.000000','2016-08-12 11:26:46.000000'),('cc5e7c86-6098-11e6-90cf-26627b42db81',NULL,'[Controladores] - Associar Detectores','POST /api/v1/controladores/associacao_detectores','2016-08-12 11:26:46.000000','2016-08-12 11:26:46.000000'),('cc6a7c70-6098-11e6-90cf-26627b42db81',NULL,'[Controladores] - Visualizar Planos','POST /api/v1/planos','2016-08-12 11:26:46.000000','2016-08-12 11:26:46.000000'),('cc764474-6098-11e6-90cf-26627b42db81',NULL,'[Controlador] - Exibir tela de Cadastro de Controladores','GET /api/v1/helpers/controlador','2016-08-12 11:26:46.000000','2016-08-12 11:26:46.000000');
INSERT INTO `permissoes_perfis` VALUES ('c9ea2ee6-6098-11e6-90cf-26627b42db81','ca0ccd0c-6098-11e6-90cf-26627b42db81'),('c9ea2ee6-6098-11e6-90cf-26627b42db81','cb049c94-6098-11e6-90cf-26627b42db81'),('c9ea2ee6-6098-11e6-90cf-26627b42db81','cb1208fc-6098-11e6-90cf-26627b42db81'),('c9ea2ee6-6098-11e6-90cf-26627b42db81','cb1c891c-6098-11e6-90cf-26627b42db81'),('c9ea2ee6-6098-11e6-90cf-26627b42db81','cb28d24e-6098-11e6-90cf-26627b42db81'),('c9ea2ee6-6098-11e6-90cf-26627b42db81','cb34e9b2-6098-11e6-90cf-26627b42db81'),('c9ea2ee6-6098-11e6-90cf-26627b42db81','cb3fd476-6098-11e6-90cf-26627b42db81'),('c9ea2ee6-6098-11e6-90cf-26627b42db81','cb4c8eaa-6098-11e6-90cf-26627b42db81'),('c9ea2ee6-6098-11e6-90cf-26627b42db81','cb56c56e-6098-11e6-90cf-26627b42db81'),('c9ea2ee6-6098-11e6-90cf-26627b42db81','cb62e39e-6098-11e6-90cf-26627b42db81'),('c9ea2ee6-6098-11e6-90cf-26627b42db81','cb6d1008-6098-11e6-90cf-26627b42db81'),('c9ea2ee6-6098-11e6-90cf-26627b42db81','cb798b6c-6098-11e6-90cf-26627b42db81'),('c9ea2ee6-6098-11e6-90cf-26627b42db81','cb848f94-6098-11e6-90cf-26627b42db81'),('c9ea2ee6-6098-11e6-90cf-26627b42db81','cb8ec2de-6098-11e6-90cf-26627b42db81'),('c9ea2ee6-6098-11e6-90cf-26627b42db81','cb9ab4f4-6098-11e6-90cf-26627b42db81'),('c9ea2ee6-6098-11e6-90cf-26627b42db81','cba5178c-6098-11e6-90cf-26627b42db81'),('c9ef58bc-6098-11e6-90cf-26627b42db81','ca0ccd0c-6098-11e6-90cf-26627b42db81'),('c9ef58bc-6098-11e6-90cf-26627b42db81','ca22f47e-6098-11e6-90cf-26627b42db81'),('c9ef58bc-6098-11e6-90cf-26627b42db81','ca3157a8-6098-11e6-90cf-26627b42db81'),('c9ef58bc-6098-11e6-90cf-26627b42db81','ca3ee422-6098-11e6-90cf-26627b42db81'),('c9ef58bc-6098-11e6-90cf-26627b42db81','ca4af08c-6098-11e6-90cf-26627b42db81'),('c9ef58bc-6098-11e6-90cf-26627b42db81','ca5ad506-6098-11e6-90cf-26627b42db81'),('c9ef58bc-6098-11e6-90cf-26627b42db81','ca676dd4-6098-11e6-90cf-26627b42db81'),('c9ef58bc-6098-11e6-90cf-26627b42db81','ca74350a-6098-11e6-90cf-26627b42db81'),('c9ef58bc-6098-11e6-90cf-26627b42db81','ca811dd8-6098-11e6-90cf-26627b42db81'),('c9ef58bc-6098-11e6-90cf-26627b42db81','ca8d0c06-6098-11e6-90cf-26627b42db81'),('c9ef58bc-6098-11e6-90cf-26627b42db81','ca97ee78-6098-11e6-90cf-26627b42db81'),('c9ef58bc-6098-11e6-90cf-26627b42db81','caa3f9f2-6098-11e6-90cf-26627b42db81'),('c9ef58bc-6098-11e6-90cf-26627b42db81','caaec99a-6098-11e6-90cf-26627b42db81'),('c9ef58bc-6098-11e6-90cf-26627b42db81','cabb8c7a-6098-11e6-90cf-26627b42db81'),('c9ef58bc-6098-11e6-90cf-26627b42db81','cad3f21a-6098-11e6-90cf-26627b42db81'),('c9ef58bc-6098-11e6-90cf-26627b42db81','cae39300-6098-11e6-90cf-26627b42db81'),('c9ef58bc-6098-11e6-90cf-26627b42db81','caf05252-6098-11e6-90cf-26627b42db81'),('c9ef58bc-6098-11e6-90cf-26627b42db81','cafa92a8-6098-11e6-90cf-26627b42db81'),('c9ef58bc-6098-11e6-90cf-26627b42db81','cbb18ddc-6098-11e6-90cf-26627b42db81'),('c9ef58bc-6098-11e6-90cf-26627b42db81','cbbe4eaa-6098-11e6-90cf-26627b42db81'),('c9ef58bc-6098-11e6-90cf-26627b42db81','cbc93df6-6098-11e6-90cf-26627b42db81'),('c9ef58bc-6098-11e6-90cf-26627b42db81','cbd5fab4-6098-11e6-90cf-26627b42db81'),('c9ef58bc-6098-11e6-90cf-26627b42db81','cbe01be8-6098-11e6-90cf-26627b42db81'),('c9ef58bc-6098-11e6-90cf-26627b42db81','cbecb934-6098-11e6-90cf-26627b42db81'),('c9ef58bc-6098-11e6-90cf-26627b42db81','cbf67b18-6098-11e6-90cf-26627b42db81'),('c9ef58bc-6098-11e6-90cf-26627b42db81','cc03c818-6098-11e6-90cf-26627b42db81'),('c9ef58bc-6098-11e6-90cf-26627b42db81','cc0de7e4-6098-11e6-90cf-26627b42db81'),('c9ef58bc-6098-11e6-90cf-26627b42db81','cc1a1a6e-6098-11e6-90cf-26627b42db81'),('c9ef58bc-6098-11e6-90cf-26627b42db81','cc241816-6098-11e6-90cf-26627b42db81'),('c9ef58bc-6098-11e6-90cf-26627b42db81','cc2e8512-6098-11e6-90cf-26627b42db81'),('c9ef58bc-6098-11e6-90cf-26627b42db81','cc3aeabe-6098-11e6-90cf-26627b42db81'),('c9ef58bc-6098-11e6-90cf-26627b42db81','cc45ea22-6098-11e6-90cf-26627b42db81'),('c9ef58bc-6098-11e6-90cf-26627b42db81','cc52a6e0-6098-11e6-90cf-26627b42db81'),('c9ef58bc-6098-11e6-90cf-26627b42db81','cc5e7c86-6098-11e6-90cf-26627b42db81'),('c9ef58bc-6098-11e6-90cf-26627b42db81','cc6a7c70-6098-11e6-90cf-26627b42db81'),('c9ef58bc-6098-11e6-90cf-26627b42db81','cc764474-6098-11e6-90cf-26627b42db81'),('c9f1d47a-6098-11e6-90cf-26627b42db81','ca0ccd0c-6098-11e6-90cf-26627b42db81'),('c9f705d0-6098-11e6-90cf-26627b42db81','ca0ccd0c-6098-11e6-90cf-26627b42db81');

INSERT INTO `controladores` VALUES ('a1a21a4c-6046-40e7-b269-2549355f26ff',NULL,'R. Paulo de Frontin com R. Cel. Américo Leite',0,3,'789','789','789','789','789','c9e2979e-6098-11e6-90cf-26627b42db81','c9d83ede-6098-11e6-90cf-26627b42db81',16,16,4,4,8,2,'2016-08-15 17:01:25.526000','2016-08-15 17:10:44.936000'),('adf2e685-d58f-45fc-a587-3cfe7919d884',NULL,'R. Carlos Chagas com R. França Campos',0,2,'123','123','123','123','123','c9e2979e-6098-11e6-90cf-26627b42db81','c9d83ede-6098-11e6-90cf-26627b42db81',16,16,4,4,8,2,'2016-08-15 15:56:42.058000','2016-08-15 16:01:02.775000'),('ba5b008b-c096-4723-8460-f2e1d6cc5f76',NULL,'Rua Clemente Faria com R. Carlos Chagas',0,1,'123','123','123','123','123','c9e2979e-6098-11e6-90cf-26627b42db81','de3f9743-a78b-42b4-bccf-73f3080c513a',16,16,4,4,8,2,'2016-08-15 23:06:39.113000','2016-08-16 11:15:24.723000'),('eff7d864-a3fd-44ad-addf-b569f569b147',NULL,'R. Dr. Cícero de Castro com R. Cel. Gabriel de Andrade',1,1,'1234','1234','2345','3456','1234','c9e2979e-6098-11e6-90cf-26627b42db81','c9d83ede-6098-11e6-90cf-26627b42db81',16,16,4,4,8,2,'2016-08-15 11:10:29.697000','2016-08-15 16:41:19.679000');
INSERT INTO `agrupamentos` VALUES ('b831dcb0-da62-47f1-8b12-1f9a4ea01a6f',NULL,'casa presidencial','1','ROTA','2016-08-15 16:10:35.291000','2016-08-15 16:10:35.291000');
INSERT INTO `agrupamentos_controladores` VALUES ('b831dcb0-da62-47f1-8b12-1f9a4ea01a6f','adf2e685-d58f-45fc-a587-3cfe7919d884'),('b831dcb0-da62-47f1-8b12-1f9a4ea01a6f','eff7d864-a3fd-44ad-addf-b569f569b147');
INSERT INTO `aneis` VALUES ('1513e281-2fe4-49eb-b4e9-eb3ab070b253','cfceea95-b5b3-401c-8f03-568a97324cdf',1,NULL,3,NULL,'ba5b008b-c096-4723-8460-f2e1d6cc5f76',NULL,NULL,'2016-08-15 23:06:39.120000','2016-08-16 11:15:24.739000'),('2fa7e533-f36e-4eb0-8ea9-dc9936ec40e9','92031b4b-b989-4f1a-a998-8ecd237b3142',1,NULL,1,'789','a1a21a4c-6046-40e7-b269-2549355f26ff',NULL,NULL,'2016-08-15 17:01:25.528000','2016-08-15 17:10:44.937000'),('3311ee6f-9353-4d2d-9d0a-88a4e6e42fb0','39b05cab-0975-405f-8478-e595c6b11a27',1,NULL,2,NULL,'a1a21a4c-6046-40e7-b269-2549355f26ff',NULL,NULL,'2016-08-15 17:01:25.530000','2016-08-15 17:10:44.941000'),('4b1ca9b5-a408-4a07-869a-c8f3b7b383bf','bc42d82b-c42d-435e-8bd8-4ab955d27566',1,NULL,2,NULL,'ba5b008b-c096-4723-8460-f2e1d6cc5f76',NULL,NULL,'2016-08-15 23:06:39.116000','2016-08-16 11:15:24.735000'),('5e8be686-9bb7-4fd7-a59a-7b4a4b7a35ef','ac4f3748-c0a1-4706-bbfb-06c5a2c36b46',1,NULL,3,NULL,'adf2e685-d58f-45fc-a587-3cfe7919d884',NULL,NULL,'2016-08-15 15:56:42.064000','2016-08-15 16:01:02.784000'),('82d10958-8b31-4cfa-bf87-17f801268a7f','20519cda-30b5-4564-896f-6f483f98ede8',1,NULL,4,NULL,'adf2e685-d58f-45fc-a587-3cfe7919d884',NULL,NULL,'2016-08-15 15:56:42.094000','2016-08-15 16:01:02.797000'),('918454a9-c9bc-4947-8ec7-d014a29a1aeb','097b064f-011d-4a03-9275-ad6184efa470',1,NULL,1,'234','ba5b008b-c096-4723-8460-f2e1d6cc5f76',NULL,NULL,'2016-08-15 23:06:39.115000','2016-08-16 11:15:24.725000'),('92f83dde-8a98-42c0-b35a-8efabc9de526','1698b6ff-966e-4edc-865f-9520a2271f0b',1,NULL,3,NULL,'a1a21a4c-6046-40e7-b269-2549355f26ff',NULL,NULL,'2016-08-15 17:01:25.531000','2016-08-15 17:10:44.948000'),('a81b59f1-1330-492a-ba00-7131737410d3','10cec999-61a9-43a5-9f3b-01d7612a75a3',0,NULL,4,NULL,'ba5b008b-c096-4723-8460-f2e1d6cc5f76',NULL,NULL,'2016-08-15 23:06:39.134000','2016-08-16 11:15:24.743000'),('b05b4116-2bab-4f55-bb3e-8076cfef8dbe','5c5d71d2-f184-4420-842c-9411037500cf',1,NULL,3,'4567','eff7d864-a3fd-44ad-addf-b569f569b147',NULL,NULL,'2016-08-15 11:10:29.701000','2016-08-15 16:41:19.763000'),('b6f04928-9213-4930-a525-ab354d36845f','f1264b57-7085-4d7b-9cdf-7cb8509181ee',1,NULL,2,'3456','eff7d864-a3fd-44ad-addf-b569f569b147',NULL,NULL,'2016-08-15 11:10:29.700000','2016-08-15 16:41:19.709000'),('c1308129-32c0-4eb1-bf54-1027a4b43635','692e781d-d290-452e-bce8-854f7011505a',1,NULL,4,NULL,'a1a21a4c-6046-40e7-b269-2549355f26ff',NULL,NULL,'2016-08-15 17:01:25.533000','2016-08-15 17:10:44.953000'),('ccdcc08b-f921-4c8e-b2d4-4d1d0d78a1e0','07ec8564-9378-4948-a39d-0f412b0003fd',1,NULL,1,'2345','eff7d864-a3fd-44ad-addf-b569f569b147',NULL,NULL,'2016-08-15 11:10:29.700000','2016-08-15 16:41:19.681000'),('e013252e-2eb3-457c-9c26-0f1909ec8623','95e7c74c-39f2-4428-a0ac-895e5c97aea9',0,NULL,4,NULL,'eff7d864-a3fd-44ad-addf-b569f569b147',NULL,NULL,'2016-08-15 11:10:29.703000','2016-08-15 16:41:19.790000'),('e142521f-f3fa-4a0b-946c-3d436fdbd53d','3559f4df-5e05-4688-9552-f334911bf9c1',1,NULL,2,NULL,'adf2e685-d58f-45fc-a587-3cfe7919d884',NULL,NULL,'2016-08-15 15:56:42.062000','2016-08-15 16:01:02.781000'),('eb92e780-1093-43b5-b5b9-4ecd9b1a9997','63a91ead-ff56-4a37-b5ee-be9e4eb6a77b',1,NULL,1,'123','adf2e685-d58f-45fc-a587-3cfe7919d884',NULL,NULL,'2016-08-15 15:56:42.061000','2016-08-15 16:01:02.776000');
INSERT INTO `enderecos` VALUES ('0c1479e5-1a4b-43c0-b93b-4d0dc91b82c3','03aae59b-756c-4c96-9b08-2c94d05f16af',NULL,'b6f04928-9213-4930-a525-ab354d36845f','R. Dr. Cícero de Castro',-19.9812502816001,-44.0351665019989,'2016-08-15 11:16:14.097000','2016-08-15 16:41:19.761000'),('1366c878-3d3b-4ac4-88ac-e320418cb54b','d49c4246-3227-4784-a1cc-9b95eec49913',NULL,'2fa7e533-f36e-4eb0-8ea9-dc9936ec40e9','R. Paulo de Frontin',-19.982297650611724,-44.03417944908142,'2016-08-15 17:05:51.044000','2016-08-15 17:10:44.939000'),('22a35338-7f00-42a7-86c2-908da9e40710','c7adddca-1f37-44c8-adb7-ce548fe8395c',NULL,'4b1ca9b5-a408-4a07-869a-c8f3b7b383bf','R. França Campos',-19.976762018595124,-44.03922736644745,'2016-08-15 23:11:11.416000','2016-08-16 11:15:24.738000'),('25e31b0e-d426-4e1b-8c71-11e263d2fe7c','0e39ed06-23d4-4842-9f74-30fda0ca9a3b',NULL,'ccdcc08b-f921-4c8e-b2d4-4d1d0d78a1e0','R. França Campos',-19.982214466323796,-44.036346673965454,'2016-08-15 11:16:14.092000','2016-08-15 16:41:19.707000'),('267949dc-04b3-4afd-931a-378d317180ce','9193eb4e-dbc2-4bba-9e9d-38c4fcfea41c',NULL,'b05b4116-2bab-4f55-bb3e-8076cfef8dbe','R. Cel. Gabriel de Andrade',-19.980385661262023,-44.0341030061245,'2016-08-15 11:16:14.099000','2016-08-15 16:41:19.789000'),('370102ee-51cc-4e98-bc7c-3545750af1e0','7a1a7fa4-f8b5-4d76-9e9a-5615fe6d824a',NULL,'ccdcc08b-f921-4c8e-b2d4-4d1d0d78a1e0','R. Dr. Cícero de Castro',-19.9809899,-44.03494549999999,'2016-08-15 11:16:14.093000','2016-08-15 16:41:19.708000'),('3e4ca114-bf7f-4b22-8a4c-3131fefa16ca','2ad94b71-c036-4e4d-8cef-069d99b1e734',NULL,'c1308129-32c0-4eb1-bf54-1027a4b43635','R. Carlos Chagas',-19.97925257290815,-44.03696894645691,'2016-08-15 17:05:51.059000','2016-08-15 17:10:44.959000'),('423ccb34-e82b-48f5-bf27-2fd2a72b5bd6','2063b765-c9f6-481f-8b93-e84ea74a8c97',NULL,'918454a9-c9bc-4947-8ec7-d014a29a1aeb','Rua Clemente Faria',-19.976778403949478,-44.03925150632858,'2016-08-15 23:11:11.410000','2016-08-16 11:15:24.734000'),('439b9e24-1b24-4352-9eac-11350e311997','02a9d5c7-51df-45e4-9d75-7f89bce29c6a',NULL,'92f83dde-8a98-42c0-b35a-8efabc9de526','R. Cel. Américo Leite',-19.979781936668115,-44.03650492429733,'2016-08-15 17:05:51.056000','2016-08-15 17:10:44.952000'),('489dff8e-7ff9-4c57-a61d-5be092d37e29','ddc718ce-afbe-424c-a1f7-ea3c38ac7fbf','a1a21a4c-6046-40e7-b269-2549355f26ff',NULL,'R. Dr. Cícero de Castro',-19.98234302384119,-44.03421700000762,'2016-08-15 17:01:25.534000','2016-08-15 17:10:44.962000'),('5b09259d-bf15-4ae1-a828-6d2e9ac9c12c','58d3cd3f-4300-4650-b185-44ea8e1af514',NULL,'3311ee6f-9353-4d2d-9d0a-88a4e6e42fb0','R. Dr. Cícero de Castro',-19.9816926729705,-44.03476014733314,'2016-08-15 17:05:51.050000','2016-08-15 17:10:44.944000'),('5e46833d-7cbd-4d85-9ea2-154252fbeb63','679a5e8c-761e-4f4b-abd1-3c4c6a1fef77','ba5b008b-c096-4723-8460-f2e1d6cc5f76',NULL,'Rua Clemente Faria',-19.9767531957113,-44.039250165224075,'2016-08-15 23:06:39.139000','2016-08-16 11:15:24.744000'),('66213eed-dd71-4ec7-ad4d-baf5cc6506ce','bebb3c15-7681-4a07-9845-8376a6c15276',NULL,'918454a9-c9bc-4947-8ec7-d014a29a1aeb','R. Carlos Chagas',-19.976762018595124,-44.03922736644745,'2016-08-15 23:11:11.411000','2016-08-16 11:15:24.735000'),('6b42eea6-4782-4b41-a91b-54b4c4c35707','20ae8fff-c7a2-4f09-b5fe-e329fd812b86','adf2e685-d58f-45fc-a587-3cfe7919d884',NULL,'R. Cel. Salatiel Vaz',-19.980759994556323,-44.035601019859314,'2016-08-15 15:56:42.096000','2016-08-15 16:01:02.804000'),('6c36db00-5f9c-453d-b6fc-ee3d45499da8','954fe895-da15-4d9f-922e-9f1c70b316aa',NULL,'2fa7e533-f36e-4eb0-8ea9-dc9936ec40e9','R. Carlos Chagas',-19.982336722004554,-44.03417006134987,'2016-08-15 17:05:51.043000','2016-08-15 17:10:44.940000'),('71df5bfb-b9af-4654-aa28-0f4f8e4e9ae7','e3851ac9-3702-4b3e-b12e-2594f659e594','eff7d864-a3fd-44ad-addf-b569f569b147',NULL,'R. Dr. Cícero de Castro',-19.9812502816001,-44.0351665019989,'2016-08-15 11:10:29.704000','2016-08-15 16:41:19.792000'),('7247b2e3-626a-442f-986e-fcaa98644bee','c969fba2-b6c2-4092-9fa0-4fd1a6404371',NULL,'82d10958-8b31-4cfa-bf87-17f801268a7f','R. Cel. Salatiel Vaz',-19.979948307768286,-44.034554958343506,'2016-08-15 15:59:03.931000','2016-08-15 16:01:02.800000'),('8954ea75-0ac3-46e5-84ae-795ccc5b3514','3cd3f1b2-9fee-47a4-8a81-186fdab5a34d',NULL,'5e8be686-9bb7-4fd7-a59a-7b4a4b7a35ef','R. Cel. Salatiel Vaz',-19.98077007759572,-44.035579562187195,'2016-08-15 15:59:03.923000','2016-08-15 16:01:02.787000'),('a640e776-1af1-4115-bee2-74ee413a3ba3','86f16d51-3597-446a-9e3d-697469db02ba',NULL,'e142521f-f3fa-4a0b-946c-3d436fdbd53d','R. Cel. Salatiel Vaz',-19.98171788041858,-44.03677046298981,'2016-08-15 15:59:03.902000','2016-08-15 16:01:02.783000'),('ac28319a-95ea-4fef-9fa1-b467822f7bd7','576e8e5b-8084-4146-ac5b-52e379eda2a5',NULL,'82d10958-8b31-4cfa-bf87-17f801268a7f','R. Cel. Gabriel de Andrade',-19.9771486,-44.03703100000001,'2016-08-15 15:59:03.932000','2016-08-15 16:01:02.801000'),('afc89e85-184f-450d-a958-762d7304ac42','dd891299-a23e-4298-ab45-4fb76f4d8315',NULL,'e142521f-f3fa-4a0b-946c-3d436fdbd53d','R. França Campos',-19.981657382536397,-44.036818742752075,'2016-08-15 15:59:03.904000','2016-08-15 16:01:02.784000'),('b00c4628-df03-4e33-8682-5eb523a94393','a872c3a6-d259-4c75-bbb1-5aef8961b4fe',NULL,'3311ee6f-9353-4d2d-9d0a-88a4e6e42fb0','R. Carlos Chagas',-19.9780889,-44.038015599999994,'2016-08-15 17:05:51.052000','2016-08-15 17:10:44.947000'),('b0d44d21-cae5-4766-808a-3ebe3252b973','2cfc61c8-11b7-4bae-9938-6b6749e8063d',NULL,'1513e281-2fe4-49eb-b4e9-eb3ab070b253','Rua Clemente Faria',-19.978899662747,-44.041834473609924,'2016-08-15 23:11:11.420000','2016-08-16 11:15:24.741000'),('bb634103-e256-4a67-a1d0-846d7f831537','2538cd95-76a6-4f4a-ba3e-1cab581bc142',NULL,'eb92e780-1093-43b5-b5b9-4ecd9b1a9997','Av. Sinfrônio Brochado',-19.982635428784295,-44.03846025466919,'2016-08-15 15:59:03.894000','2016-08-15 16:01:02.779000'),('cc080150-e9d3-49ab-bcb8-3f3aa1beb112','1d1c1823-bc03-46ff-bd4d-9d38ac9bdfd6',NULL,'5e8be686-9bb7-4fd7-a59a-7b4a4b7a35ef','R. Carlos Chagas',-19.980780160634485,-44.035574197769165,'2016-08-15 15:59:03.926000','2016-08-15 16:01:02.787000'),('d152d193-928e-48a2-878f-b499018c09e7','f6b16483-32a3-4846-906f-ee601de02c61',NULL,'92f83dde-8a98-42c0-b35a-8efabc9de526','R. Carlos Chagas',-19.97978319705588,-44.03651162981987,'2016-08-15 17:05:51.055000','2016-08-15 17:10:44.953000'),('d4eb7566-ca01-456b-aa16-75e30212f9a0','c4ec423f-3ffd-4852-baa9-02acae60d9e8','ba5b008b-c096-4723-8460-f2e1d6cc5f76',NULL,'R. Carlos Chagas',-19.9780889,-44.038015599999994,'2016-08-15 23:06:39.140000','2016-08-16 11:15:24.745000'),('dc63396d-48b3-4a43-badf-6d94378e3f90','b4deea8b-6207-407e-8848-8625f05bb1c9',NULL,'4b1ca9b5-a408-4a07-869a-c8f3b7b383bf','Rua Clemente Faria',-19.977745136841246,-44.040380716323845,'2016-08-15 23:11:11.415000','2016-08-16 11:15:24.739000'),('e0d6ad01-025c-4c82-9848-481b6ca73583','7bb6ceb3-c3ff-46ac-a57f-242c0ce81e0a',NULL,'b05b4116-2bab-4f55-bb3e-8076cfef8dbe','R. Dr. Cícero de Castro',-19.9809899,-44.03494549999999,'2016-08-15 11:16:14.099000','2016-08-15 16:41:19.790000'),('e27e9d9a-2930-4023-8fd1-a43003d97d38','afd26875-85ad-4d16-8d5f-85b1b0aa029c',NULL,'eb92e780-1093-43b5-b5b9-4ecd9b1a9997','R. Cel. Salatiel Vaz',-19.982423687327973,-44.037650227546685,'2016-08-15 15:59:03.893000','2016-08-15 16:01:02.780000'),('e50e4c2b-555a-47d9-a85c-e15ba42d27d6','503e121b-6dd7-44de-ae55-3c8664ea1094','a1a21a4c-6046-40e7-b269-2549355f26ff',NULL,'R. Carlos Chagas',-19.9780889,-44.038015599999994,'2016-08-15 17:01:25.535000','2016-08-15 17:10:44.962000'),('ec5afbb6-0379-4756-85cb-dbd644f7b5ba','572f8b80-0faa-4700-baae-ca6fbc248bb4',NULL,'b6f04928-9213-4930-a525-ab354d36845f','R. Carlos Chagas',-19.9812502816001,-44.0351665019989,'2016-08-15 11:16:14.096000','2016-08-15 16:41:19.762000'),('ed0cb4cb-7459-431b-975e-a700fc30106f','08b8c341-366d-4c3e-b484-27abf641fe09',NULL,'c1308129-32c0-4eb1-bf54-1027a4b43635','Rua Domingos Silva Guimarães',-19.97925257290815,-44.03699040412903,'2016-08-15 17:05:51.059000','2016-08-15 17:10:44.960000'),('f5434f1e-6d5e-43ae-82cd-3b23567f9e0e','f54f2b48-2e96-4208-b0db-ba7be0f48150','eff7d864-a3fd-44ad-addf-b569f569b147',NULL,'R. Carlos Chagas',-19.9780889,-44.038015599999994,'2016-08-15 11:10:29.705000','2016-08-15 16:41:19.793000'),('fbfa9830-fcc3-456f-8d31-2a3c0b666460','8a009ee0-d55d-41bc-8663-38942d54c0a6','adf2e685-d58f-45fc-a587-3cfe7919d884',NULL,'R. Carlos Chagas',-19.9780889,-44.038015599999994,'2016-08-15 15:56:42.097000','2016-08-15 16:01:02.806000'),('ffe8efda-ad51-4e9c-91f0-16b446656cd1','92b8a101-7e9b-40b6-90c6-ddc4d50cf2b2',NULL,'1513e281-2fe4-49eb-b4e9-eb3ab070b253','R. Aderbal Rodrigues Vaz',-19.975405,-44.04512039999997,'2016-08-15 23:11:11.420000','2016-08-16 11:15:24.742000');
INSERT INTO `imagens` VALUES ('105a70a9-954d-4182-ba01-cc0945d77db1','bc978f26-dc5d-4065-a86f-df6948b6eba1','009.jpg','image/jpeg','2016-08-15 11:14:37.856000','2016-08-15 11:14:37.856000'),('2429a491-81bb-48f5-bb06-addee68414f6','1d724cbe-423e-4950-876f-e2c5862b9b86','003.jpg','image/jpeg','2016-08-15 15:58:06.679000','2016-08-15 15:58:06.679000'),('278561ec-d053-4d62-b57b-d16be58299b9','4e9df42d-9eac-4767-92c6-2abde9a5c1ea','002.jpg','image/jpeg','2016-08-15 17:02:12.284000','2016-08-15 17:02:12.284000'),('38f74230-7e3b-4e65-81db-89d01944788e','4208db59-8efd-435e-972a-7ca6c32a62e8','001.jpg','image/jpeg','2016-08-12 16:01:14.446000','2016-08-12 16:01:14.446000'),('425c058f-f43d-49d6-826a-aec0aa1359af','0a945479-6253-4cac-8a57-9f54381eb6a1','004.jpg','image/jpeg','2016-08-15 23:09:17.131000','2016-08-15 23:09:17.131000'),('466dfb2f-310c-439b-9bcb-b791e53f9a99','6b00be41-617e-47ed-8871-98c115ccf6dd','008.jpg','image/jpeg','2016-08-15 11:14:37.855000','2016-08-15 11:14:37.855000'),('4719c2b9-87f6-481f-8488-55f620256636','ab0dab2d-c9f3-4cdc-a66a-858bb46ec31f','002.jpg','image/jpeg','2016-08-15 15:57:38.331000','2016-08-15 15:57:38.331000'),('4a6b5824-183c-4ad1-b870-0b66b0266b1b','a0316699-f31d-4665-8db4-af33ddd9bb34','001.jpg','image/jpeg','2016-08-15 23:08:36.929000','2016-08-15 23:08:36.929000'),('4bb3ed56-4093-43f2-9771-b745fde65006','35e34721-5744-4f73-95d9-a455617bb205','toronto.jpg','image/jpeg','2016-08-12 16:14:20.972000','2016-08-12 16:14:20.972000'),('4d934260-cfcb-4fd9-ada8-e0447e630691','72ccd70b-506d-4d89-8dd8-35a751f50b54','002.jpg','image/jpeg','2016-08-15 11:12:29.937000','2016-08-15 11:12:29.937000'),('551f456b-6f8b-4436-90b5-40dd017cd476','444ed28a-faf0-42fb-9434-484847483fba','009.jpg','image/jpeg','2016-08-15 23:11:09.376000','2016-08-15 23:11:09.376000'),('5f77b7a6-2aad-48b0-b257-d453577cee33','a7b1074b-f067-47d4-8efc-dc0c07f9442a','12963901_10154615163486840_8455352346796368737_n.jpg','image/jpeg','2016-08-15 11:11:39.054000','2016-08-15 11:11:39.054000'),('72c948ce-0520-4d72-99f6-0a0bee35601a','a6aed93f-840c-4b29-8ee1-ae0b965bcf80','003.jpg','image/jpeg','2016-08-12 16:01:22.470000','2016-08-12 16:01:22.470000'),('72df8af8-bdca-487c-b894-88d594b87284','08b46fb1-74ef-4868-aab6-401166f6e5a3','13406967_1003062549749489_543993289383831132_n.jpg','image/jpeg','2016-08-15 11:11:39.053000','2016-08-15 11:11:39.053000'),('757968ea-967e-4420-80da-7f91dcd4fbc3','75894677-0440-4716-859b-b6279d2f4bfe','scotland.jpg','image/jpeg','2016-08-12 16:14:20.970000','2016-08-12 16:14:20.970000'),('769a514e-a9e0-43c8-a098-02f7bf4f74e2','4a986065-aec3-4599-8456-daac69e53f04','010.jpg','image/jpeg','2016-08-15 11:14:37.901000','2016-08-15 11:14:37.901000'),('7754ce54-3511-4feb-a094-23df5e3ca9e4','9e8176e8-147a-4e4c-92d7-c18fb3d4149c','NeilTyson.jpg','image/jpeg','2016-08-12 16:14:14.609000','2016-08-12 16:14:14.609000'),('78a613ed-6f44-4959-931b-10b8adc667ee','4910ca7a-16ef-4f46-b5cb-9bc2802a1707','001.jpg','image/jpeg','2016-08-15 11:12:30.024000','2016-08-15 11:12:30.024000'),('7c0d3563-3889-430d-b40c-921501cfbda6','fcc8df04-fea8-4929-968b-4c1d6dadff3f','002.jpg','image/jpeg','2016-08-12 16:02:06.148000','2016-08-12 16:02:06.148000'),('7ddfbb1e-23c6-4097-bc0c-74eeb860ac1e','7cdd2b6f-77e8-4d1a-9caa-f630bd7fb807','007.jpg','image/jpeg','2016-08-15 15:58:30.007000','2016-08-15 15:58:30.007000'),('80b29521-f7fa-4fa2-b694-0cd59282fa82','46087775-5b9d-4c88-9526-1e8acb903244','010.jpg','image/jpeg','2016-08-12 16:02:21.380000','2016-08-12 16:02:21.380000'),('82877c6e-7fe5-4a0b-b9bf-5c86a7f40268','9ab98037-108f-4380-b998-1a7efcc2fb55','ubuntu.png','image/png','2016-08-12 16:14:20.970000','2016-08-12 16:14:20.970000'),('82ad203c-3782-40c8-ac7e-53b0b357c05b','d2bad2c7-bbb2-430a-a194-5c75ba91c5a2','008.jpg','image/jpeg','2016-08-15 15:59:01.600000','2016-08-15 15:59:01.600000'),('877d5288-7f5d-46f7-b9ed-a9852c5664bc','d227f22b-4b63-4e82-b005-7f978d03e64b','008.jpg','image/jpeg','2016-08-15 17:05:22.692000','2016-08-15 17:05:22.692000'),('8d0526a3-2795-4672-9fdc-9eebef35a429','ba776e99-401f-4a7f-8c20-e32f04b2118f','001.jpg','image/jpeg','2016-08-15 17:02:12.396000','2016-08-15 17:02:12.396000'),('90c56224-21cf-473d-89c0-8dc011da9f01','f3ffd999-29e6-41d9-8c88-b8cf31863b8c','007.jpg','image/jpeg','2016-08-12 16:02:14.919000','2016-08-12 16:02:14.919000'),('918127c0-1528-4bd2-b5b4-4f00b65ed645','d5c80915-5e60-4a8c-8302-3460b9b4d021','009.jpg','image/jpeg','2016-08-15 15:59:01.599000','2016-08-15 15:59:01.599000'),('93884eb2-60b8-4bb4-9868-ccc1d0f35a5c','8912a765-83c4-4758-b169-48378d754125','004.jpg','image/jpeg','2016-08-15 15:58:06.679000','2016-08-15 15:58:06.679000'),('98f011f3-ab81-47e1-b910-8cc3e9b8e522','21ca227d-921f-4b27-9823-da24cc67f783','006.jpg','image/jpeg','2016-08-15 15:58:30.000000','2016-08-15 15:58:30.000000'),('a0905a3a-8945-4043-b915-7324e895b54a','9c31979a-2e8f-4411-a3d4-30f12425fef8','img-card-dois.png','image/png','2016-08-12 16:03:02.027000','2016-08-12 16:03:02.027000'),('a899fd54-83fc-496c-8d70-07629de95f4a','124755c2-cf40-4260-9fbd-d38bc5199521','004.jpg','image/jpeg','2016-08-12 16:01:22.472000','2016-08-12 16:01:22.472000'),('ae4761a6-e2e7-4bcd-81cb-65bf50180a88','ab4130df-059b-4f07-88b7-6e8637d58f69','004.jpg','image/jpeg','2016-08-15 11:12:29.892000','2016-08-15 11:12:29.892000'),('aeae8516-73ac-400f-85e0-ac4ada693b6e','4d3b54b8-6e1b-4f0d-8718-d8a8eb67102a','camaro_amarelo.jpeg','image/jpeg','2016-08-15 17:05:30.488000','2016-08-15 17:05:30.488000'),('aeb24868-f5ab-491a-a5a9-db46d62d88f2','c692a19f-f267-4990-bb2d-ebea39df3799','003.jpg','image/jpeg','2016-08-15 11:12:29.938000','2016-08-15 11:12:29.938000'),('b7ccab20-8725-4b98-bf4e-cf0e66235b09','eb3e6daa-8979-4a69-aab0-f107c2b6b30d','009.jpg','image/jpeg','2016-08-15 17:05:22.716000','2016-08-15 17:05:22.716000'),('ba0dd078-747c-4c3d-87c6-611a6973ffbc','3ceb6948-7c00-4a70-804e-e04cad64f63a','006.jpg','image/jpeg','2016-08-12 16:02:14.918000','2016-08-12 16:02:14.918000'),('bb60172d-81fa-42ee-bc08-b2bc64220d10','9cc09f0a-b3b4-471a-8a48-d8294ecd0545','aVXAj5K_700b.jpg','image/jpeg','2016-08-15 17:05:30.490000','2016-08-15 17:05:30.490000'),('bc90d58d-17ca-4304-b9f8-ce3dc7211af2','f9c1f0b1-badf-4ccd-95e4-5ba8af0f9402','005.jpg','image/jpeg','2016-08-15 23:09:17.133000','2016-08-15 23:09:17.133000'),('c4cf6eed-6fd8-4bc1-aec0-4498ed378149','6ccc8342-e06b-42f6-a9d4-bae19a11aef3','img-card-dois.png','image/png','2016-08-15 17:05:44.187000','2016-08-15 17:05:44.187000'),('c7e430e7-ef16-434e-b51b-46cd4d21129b','4f638091-a489-4302-9bed-c76c7d518ccf','imagem_de_capa.png','image/png','2016-08-12 16:03:02.030000','2016-08-12 16:03:02.030000'),('cf57400f-5dc6-47a2-ad2e-c871bf7d0820','ec636942-3d45-46f9-9617-fbbbbb39cbbe','010.jpg','image/jpeg','2016-08-15 23:11:09.396000','2016-08-15 23:11:09.396000'),('cfc18cfb-43cb-4f8e-9dab-89f1dc6fda0d','b9eb91a5-795d-4bd4-a739-ceac0493178d','002.jpg','image/jpeg','2016-08-12 16:01:22.469000','2016-08-12 16:01:22.469000'),('d149558b-a4a9-4eeb-b053-6649d666b5dd','25207632-e939-483a-b30c-8f19e85c5d31','005.jpg','image/jpeg','2016-08-12 16:01:22.486000','2016-08-12 16:01:22.486000'),('d45a82c2-1014-44e7-a405-4a2c02b1ad74','e04d891a-8b9f-431b-af2d-f305d5b3f621','001.jpg','image/jpeg','2016-08-15 15:57:38.416000','2016-08-15 15:57:38.416000'),('d48c9133-c6cb-4dde-89f3-b0b4a469b34d','c36b15c6-15af-4998-a82f-7cb76fa65f5f','002.jpg','image/jpeg','2016-08-15 23:08:36.845000','2016-08-15 23:08:36.845000'),('d65fe7aa-b150-4758-86bc-3ca42d6e866d','1807c382-bd6d-48f8-89e8-70b08fbd114b','imagem_de_capa.png','image/png','2016-08-15 17:05:44.191000','2016-08-15 17:05:44.191000'),('d764418c-40d9-4853-8582-4bd66059f8e4','4dcb6176-aac5-477c-a498-158fa0706f17','12321359_986438248070903_1173574894423312875_n.jpg','image/jpeg','2016-08-15 11:11:39.050000','2016-08-15 11:11:39.050000'),('e231e0fd-65f3-4c4d-a3ee-6b87cc868cac','32f0193b-a27e-42f4-841b-6ddd4cdf0b17','010.jpg','image/jpeg','2016-08-15 17:05:22.780000','2016-08-15 17:05:22.780000'),('f8e3f084-f294-4dd2-9d37-ec23fa92f03f','60a4b959-781a-4e83-958e-e57290f3d0ef','img-card-um.png','image/png','2016-08-12 16:03:02.025000','2016-08-12 16:03:02.025000'),('ffe8e341-ea9a-4b2a-85cd-841604d540c1','c3cc0be1-ee78-45db-968c-5ca394ebbc0d','camaro_amarelo.jpeg','image/jpeg','2016-08-12 16:02:54.771000','2016-08-12 16:02:54.771000');
INSERT INTO `estagios` VALUES ('04b47854-b090-478d-b3db-d5e674253bce','11894743-b00b-4e4c-b7e6-b2ae02bdba9e','877d5288-7f5d-46f7-b9ed-a9852c5664bc',NULL,NULL,1,NULL,0,'c1308129-32c0-4eb1-bf54-1027a4b43635',NULL,NULL,'2016-08-15 17:05:51.057000','2016-08-15 17:10:44.957000'),('0e7b769d-bc91-4b73-8724-33e9de11053c','eb04a140-a8cb-4470-bc94-107c81506273','5f77b7a6-2aad-48b0-b257-d453577cee33',NULL,60,1,1,0,'ccdcc08b-f921-4c8e-b2d4-4d1d0d78a1e0',NULL,NULL,'2016-08-15 11:16:14.083000','2016-08-15 16:41:19.704000'),('157b7e2d-71ea-4c0d-9e7a-b44fba883d50','297dcf55-30ef-4ebe-a3c3-10d28ca2edc9','78a613ed-6f44-4959-931b-10b8adc667ee',NULL,60,1,1,0,'b6f04928-9213-4930-a525-ab354d36845f',NULL,NULL,'2016-08-15 11:16:14.096000','2016-08-15 16:41:19.756000'),('27bb34c0-0e5e-4780-8d87-aadcb697b274','9b2e2611-6945-4dd3-a207-f80574021374','93884eb2-60b8-4bb4-9868-ccc1d0f35a5c',NULL,NULL,1,NULL,0,'e142521f-f3fa-4a0b-946c-3d436fdbd53d',NULL,NULL,'2016-08-15 15:59:03.900000','2016-08-15 16:01:02.782000'),('280114db-9599-4652-8427-c6f5906d5d1e','4a25661f-4164-4fd7-811a-3894cd5949e6','e231e0fd-65f3-4c4d-a3ee-6b87cc868cac',NULL,NULL,1,NULL,0,'c1308129-32c0-4eb1-bf54-1027a4b43635',NULL,NULL,'2016-08-15 17:05:51.058000','2016-08-15 17:10:44.957000'),('29624dd7-2ae1-458a-91da-748cf73b820f','dc673278-e997-4c15-8de0-35d0038beaeb','72df8af8-bdca-487c-b894-88d594b87284',NULL,60,1,2,0,'ccdcc08b-f921-4c8e-b2d4-4d1d0d78a1e0',NULL,NULL,'2016-08-15 11:16:14.082000','2016-08-15 16:41:19.705000'),('2cc78984-11c4-4b33-b70d-8e9032d3e3e1','0398ccfb-cfc6-4963-803a-01d3085b8827','551f456b-6f8b-4436-90b5-40dd017cd476',NULL,NULL,1,NULL,0,'1513e281-2fe4-49eb-b4e9-eb3ab070b253',NULL,NULL,'2016-08-15 23:11:11.418000','2016-08-16 11:15:24.740000'),('2fef1880-8b96-45e4-bf56-e186f2f15e78','1daecf87-a966-4928-b204-97ba128c7e05','2429a491-81bb-48f5-bb06-addee68414f6',NULL,NULL,1,NULL,0,'e142521f-f3fa-4a0b-946c-3d436fdbd53d',NULL,NULL,'2016-08-15 15:59:03.897000','2016-08-15 16:01:02.782000'),('359db3d5-70b8-4b5d-a1ce-287647457fa1','3d118073-bfc2-4089-b985-34eb4f99b571','cf57400f-5dc6-47a2-ad2e-c871bf7d0820',NULL,NULL,1,NULL,0,'1513e281-2fe4-49eb-b4e9-eb3ab070b253',NULL,NULL,'2016-08-15 23:11:11.418000','2016-08-16 11:15:24.741000'),('36e8171d-df56-4be7-8d35-98ec59d0c229','da58d575-8507-44e5-b403-f8a28b784897','82ad203c-3782-40c8-ac7e-53b0b357c05b',NULL,NULL,1,NULL,0,'82d10958-8b31-4cfa-bf87-17f801268a7f',NULL,NULL,'2016-08-15 15:59:03.929000','2016-08-15 16:01:02.798000'),('37ee4a83-6ef9-4a1c-b6fa-bc175bbff57c','e03b4d04-758f-4554-8d0b-0ab81b543825','d65fe7aa-b150-4758-86bc-3ca42d6e866d',NULL,NULL,1,NULL,0,'3311ee6f-9353-4d2d-9d0a-88a4e6e42fb0',NULL,NULL,'2016-08-15 17:05:51.048000','2016-08-15 17:10:44.942000'),('3d8bbcba-2477-4b7d-93b6-cf1d51bd5914','d686ad31-2cf9-4581-a40d-e10ced131b54','105a70a9-954d-4182-ba01-cc0945d77db1',NULL,60,1,1,0,'b05b4116-2bab-4f55-bb3e-8076cfef8dbe',NULL,NULL,'2016-08-15 11:16:14.097000','2016-08-15 16:41:19.787000'),('48bfc762-c9ca-42af-9f83-70f052264e6c','a8be6c60-6d44-455e-abbd-4c544042319b','7ddfbb1e-23c6-4097-bc0c-74eeb860ac1e',NULL,NULL,1,NULL,0,'5e8be686-9bb7-4fd7-a59a-7b4a4b7a35ef',NULL,NULL,'2016-08-15 15:59:03.922000','2016-08-15 16:01:02.785000'),('5329912c-1085-4bad-bd9a-b37f7c4a6eee','761f44dc-8d1c-4335-8a9d-fc0c3022e767','bb60172d-81fa-42ee-bc08-b2bc64220d10',NULL,NULL,1,NULL,0,'92f83dde-8a98-42c0-b35a-8efabc9de526',NULL,NULL,'2016-08-15 17:05:51.054000','2016-08-15 17:10:44.950000'),('53b9c304-5a85-4adb-89ff-ad4ca64a4bde','b7778ebb-6112-4d8c-ada0-7a393899b6f2','aeae8516-73ac-400f-85e0-ac4ada693b6e',NULL,NULL,1,NULL,0,'92f83dde-8a98-42c0-b35a-8efabc9de526',NULL,NULL,'2016-08-15 17:05:51.053000','2016-08-15 17:10:44.951000'),('644b7b7e-68a4-443f-b3aa-760297664203','cc550e8e-220f-435a-9a2e-7d50a30819ee','aeb24868-f5ab-491a-a5a9-db46d62d88f2',NULL,60,1,2,0,'b6f04928-9213-4930-a525-ab354d36845f',NULL,NULL,'2016-08-15 11:16:14.095000','2016-08-15 16:41:19.758000'),('801a7eb1-6bc1-41ac-9781-fcee1e9457cf','423a8874-ac13-4b43-a2bd-5bdd77e8f371','ae4761a6-e2e7-4bcd-81cb-65bf50180a88',NULL,60,1,3,0,'b6f04928-9213-4930-a525-ab354d36845f',NULL,NULL,'2016-08-15 11:16:14.095000','2016-08-15 16:41:19.759000'),('84c6f4f0-2c5f-4164-8f66-9c3ef2cedbe7','35eaeb0d-c815-47e1-8cb8-2ca411a68dbb','278561ec-d053-4d62-b57b-d16be58299b9',NULL,NULL,1,NULL,0,'2fa7e533-f36e-4eb0-8ea9-dc9936ec40e9',NULL,NULL,'2016-08-15 17:05:51.038000','2016-08-15 17:10:44.938000'),('8f3a557f-a97d-41bb-939c-2d1ece6b606b','62c2e688-bbb3-4766-8fdb-b1c58b4f4a4d','d764418c-40d9-4853-8582-4bd66059f8e4',NULL,60,1,3,0,'ccdcc08b-f921-4c8e-b2d4-4d1d0d78a1e0',NULL,NULL,'2016-08-15 11:16:14.082000','2016-08-15 16:41:19.706000'),('98c51ddc-5c92-4ee2-9fb3-df557599efba','ee889dec-785a-40bd-9aa4-c5a9d81ded00','8d0526a3-2795-4672-9fdc-9eebef35a429',NULL,NULL,1,NULL,0,'2fa7e533-f36e-4eb0-8ea9-dc9936ec40e9',NULL,NULL,'2016-08-15 17:05:51.041000','2016-08-15 17:10:44.939000'),('9a23d9c0-721e-4dad-a147-580a4adb79d8','4c116fa8-ed95-4eb0-ac04-a6c88c0becbb','c4cf6eed-6fd8-4bc1-aec0-4498ed378149',NULL,NULL,1,NULL,0,'3311ee6f-9353-4d2d-9d0a-88a4e6e42fb0',NULL,NULL,'2016-08-15 17:05:51.047000','2016-08-15 17:10:44.942000'),('a57efee1-9cec-4b82-8fae-a6be2615d97e','d8488424-688c-4863-b90f-1ba6c1baa612','4d934260-cfcb-4fd9-ada8-e0447e630691',NULL,60,1,4,0,'b6f04928-9213-4930-a525-ab354d36845f',NULL,NULL,'2016-08-15 11:16:14.094000','2016-08-15 16:41:19.760000'),('a6e3231e-998d-421f-9fbc-3cce88607bdc','112c7139-606c-47df-a975-47c31ce445df','425c058f-f43d-49d6-826a-aec0aa1359af',NULL,NULL,1,NULL,0,'4b1ca9b5-a408-4a07-869a-c8f3b7b383bf',NULL,NULL,'2016-08-15 23:11:11.414000','2016-08-16 11:15:24.736000'),('c43ff875-5ab3-4481-a1c5-6822019028b6','3b2552b4-e119-4153-9503-082ceb9ca647','918127c0-1528-4bd2-b5b4-4f00b65ed645',NULL,NULL,1,NULL,0,'82d10958-8b31-4cfa-bf87-17f801268a7f',NULL,NULL,'2016-08-15 15:59:03.928000','2016-08-15 16:01:02.799000'),('c6239eee-38ef-4c09-aeab-96e74c336e3a','cdd93673-ef82-414e-b2a1-cd395f3aea6f','d45a82c2-1014-44e7-a405-4a2c02b1ad74',NULL,NULL,1,NULL,0,'eb92e780-1093-43b5-b5b9-4ecd9b1a9997',NULL,NULL,'2016-08-15 15:59:03.891000','2016-08-15 16:01:02.777000'),('c96ecc0a-ed6f-49c6-9896-e514ab19710f','913c2e65-8127-4f80-9817-23b4ca8b3e5f','d48c9133-c6cb-4dde-89f3-b0b4a469b34d',NULL,NULL,1,NULL,0,'918454a9-c9bc-4947-8ec7-d014a29a1aeb',NULL,NULL,'2016-08-15 23:11:11.407000','2016-08-16 11:15:24.732000'),('ca8b511e-0707-4f89-a632-71b8ec3b6e09','3014a935-2cc1-41fe-8e6e-84b5fcbb9e2d','bc90d58d-17ca-4304-b9f8-ce3dc7211af2',NULL,NULL,1,NULL,0,'4b1ca9b5-a408-4a07-869a-c8f3b7b383bf',NULL,NULL,'2016-08-15 23:11:11.413000','2016-08-16 11:15:24.737000'),('decc556b-36b5-40dd-8cbe-362ebcdfa0be','10e8003b-ba88-4a73-850b-157ec412cc4b','769a514e-a9e0-43c8-a098-02f7bf4f74e2',NULL,60,1,2,0,'b05b4116-2bab-4f55-bb3e-8076cfef8dbe',NULL,NULL,'2016-08-15 11:16:14.098000','2016-08-15 16:41:19.788000'),('e0cefffb-4a60-4fb4-b195-8acad6263d80','5ae89a1f-75cc-4114-8625-5b057a4dc470','466dfb2f-310c-439b-9bcb-b791e53f9a99',NULL,60,1,3,0,'b05b4116-2bab-4f55-bb3e-8076cfef8dbe',NULL,NULL,'2016-08-15 11:16:14.098000','2016-08-15 16:41:19.788000'),('e4620904-ccaf-4746-aa10-9cd3c4a6f55a','6495b7b8-e29b-4a18-bfb5-8b26c91bc39e','98f011f3-ab81-47e1-b910-8cc3e9b8e522',NULL,NULL,1,NULL,0,'5e8be686-9bb7-4fd7-a59a-7b4a4b7a35ef',NULL,NULL,'2016-08-15 15:59:03.920000','2016-08-15 16:01:02.786000'),('e8d4b72b-9989-4582-9e6d-a1234704d389','d4444011-15c2-497d-9d70-166771d8c0f3','4719c2b9-87f6-481f-8488-55f620256636',NULL,NULL,1,NULL,0,'eb92e780-1093-43b5-b5b9-4ecd9b1a9997',NULL,NULL,'2016-08-15 15:59:03.890000','2016-08-15 16:01:02.778000'),('ed12b9d5-3ea4-48e1-a2ac-5914930eeec1','c97e9589-1f72-48a1-b354-a6e214913b87','4a6b5824-183c-4ad1-b870-0b66b0266b1b',NULL,NULL,1,NULL,0,'918454a9-c9bc-4947-8ec7-d014a29a1aeb',NULL,NULL,'2016-08-15 23:11:11.408000','2016-08-16 11:15:24.733000'),('edd856bc-4711-4ced-b6f2-59c76808cdce','20824375-755b-4220-af88-457b3458f229','b7ccab20-8725-4b98-bf4e-cf0e66235b09',NULL,NULL,1,NULL,0,'c1308129-32c0-4eb1-bf54-1027a4b43635',NULL,NULL,'2016-08-15 17:05:51.057000','2016-08-15 17:10:44.958000');
INSERT INTO `grupos_semaforicos` VALUES ('43ff8600-db2d-4ae7-bbc9-3ca07e3e9641','fd4205b7-51d6-425c-afa7-3651a43e4201','PEDESTRE',NULL,'b05b4116-2bab-4f55-bb3e-8076cfef8dbe',NULL,7,0,4,'2016-08-15 11:31:00.450000','2016-08-15 16:41:19.765000'),('6b78c5b8-6cbe-438a-a8db-0b20a2a85023','6ca7aeaf-57f6-4b16-b051-6e591561191b','VEICULAR',NULL,'ccdcc08b-f921-4c8e-b2d4-4d1d0d78a1e0',NULL,1,0,10,'2016-08-15 11:31:00.427000','2016-08-15 16:41:19.684000'),('894a2a90-fe35-48fc-bd29-ace3228e04f9','9fdeda53-d30e-4ac4-a28f-4ca99b2380bb','VEICULAR',NULL,'b05b4116-2bab-4f55-bb3e-8076cfef8dbe',NULL,6,0,10,'2016-08-15 11:31:00.449000','2016-08-15 16:41:19.773000'),('92ed3ee7-9eb3-43c2-9c2f-5fb946ee139d','7bed8171-d4a2-46c8-9788-2fba27241a85','VEICULAR',NULL,'ccdcc08b-f921-4c8e-b2d4-4d1d0d78a1e0',NULL,2,0,10,'2016-08-15 11:31:00.429000','2016-08-15 16:41:19.692000'),('aaf2dc4d-d887-4253-929c-979696445f9f','cbd34155-0bb4-4c89-a6c3-809077ffc77e','VEICULAR',NULL,'b6f04928-9213-4930-a525-ab354d36845f',NULL,4,0,10,'2016-08-15 11:31:00.445000','2016-08-15 16:41:19.711000'),('ae5481e4-6f48-4d88-8be7-df777b2e7848','d5cea1a6-9748-48a1-87c5-fb2e45e8c7bf','VEICULAR',NULL,'b6f04928-9213-4930-a525-ab354d36845f',NULL,3,0,10,'2016-08-15 11:31:00.444000','2016-08-15 16:41:19.731000'),('d00e5ea2-b953-43fa-b24d-579cbf4af7e8','a09a4cf9-3697-4368-9138-ebfef3e072df','VEICULAR',NULL,'b05b4116-2bab-4f55-bb3e-8076cfef8dbe',NULL,5,0,10,'2016-08-15 11:31:00.449000','2016-08-15 16:41:19.779000');
INSERT INTO `estagios_grupos_semaforicos` VALUES ('1a5d01ae-009e-46db-8293-62bb06c85f7e','b82a11dd-0fcf-46a4-9ecd-85e508da90f8',0,'e0cefffb-4a60-4fb4-b195-8acad6263d80','43ff8600-db2d-4ae7-bbc9-3ca07e3e9641','2016-08-15 11:45:07.865000','2016-08-15 16:41:19.768000'),('7f24ad1b-1310-4ee3-84ae-4c24ba683e17','ff77368e-d72b-407a-bf0a-117d284f36af',0,'8f3a557f-a97d-41bb-939c-2d1ece6b606b','92ed3ee7-9eb3-43c2-9c2f-5fb946ee139d','2016-08-15 11:45:07.805000','2016-08-15 16:41:19.693000'),('991c2af4-b378-42f9-abbe-2e49b4f2ff29','ca48f2c8-717c-4799-8276-9966f05095d6',0,'0e7b769d-bc91-4b73-8724-33e9de11053c','6b78c5b8-6cbe-438a-a8db-0b20a2a85023','2016-08-15 11:45:07.783000','2016-08-15 16:41:19.685000'),('a4fdf9f9-d453-4dd5-9953-455320dab4f1','b516a1be-f92d-4ad8-a141-11eb4bb98ad5',0,'3d8bbcba-2477-4b7d-93b6-cf1d51bd5914','d00e5ea2-b953-43fa-b24d-579cbf4af7e8','2016-08-15 11:45:07.877000','2016-08-15 16:41:19.780000'),('b9ecd5fb-477c-4bdd-b84e-59b6d6bc940b','8f1f40b2-8855-4fb2-8fe4-ca372d1c4a46',0,'157b7e2d-71ea-4c0d-9e7a-b44fba883d50','ae5481e4-6f48-4d88-8be7-df777b2e7848','2016-08-15 11:45:07.845000','2016-08-15 16:41:19.732000'),('c0ab6801-1053-4a9c-a6fc-2d3fef3dea1e','c2a0e25d-2791-4220-a6a6-6f252a52c199',0,'a57efee1-9cec-4b82-8fae-a6be2615d97e','aaf2dc4d-d887-4253-929c-979696445f9f','2016-08-15 11:45:07.830000','2016-08-15 16:41:19.713000'),('e4342556-6611-45d6-83b7-8bd338ea47fe','601cdd9a-5376-4490-afa5-e7a06fcf861b',0,'decc556b-36b5-40dd-8cbe-362ebcdfa0be','894a2a90-fe35-48fc-bd29-ace3228e04f9','2016-08-15 11:45:07.871000','2016-08-15 16:41:19.774000'),('e62e1479-94bf-4a91-b275-4a4ba7b7d4dc','622ec7c1-da68-4ac2-bdfa-2b0e7895d13c',0,'801a7eb1-6bc1-41ac-9781-fcee1e9457cf','aaf2dc4d-d887-4253-929c-979696445f9f','2016-08-15 11:45:07.829000','2016-08-15 16:41:19.715000'),('eb7e9d5f-a33f-45ad-92ac-3c78aa6d289c','553242e0-13a5-427e-83d6-ee3f00160ef4',0,'644b7b7e-68a4-443f-b3aa-760297664203','ae5481e4-6f48-4d88-8be7-df777b2e7848','2016-08-15 11:45:07.846000','2016-08-15 16:41:19.732000'),('f3b35979-fe11-43cc-b852-893dd5a49186','41f5b754-5f39-4433-a638-99655a2cff67',0,'29624dd7-2ae1-458a-91da-748cf73b820f','92ed3ee7-9eb3-43c2-9c2f-5fb946ee139d','2016-08-15 11:45:07.805000','2016-08-15 16:41:19.694000');
INSERT INTO `tabela_entre_verdes` VALUES ('0b6accf9-ea2d-4ba0-9155-c706c73f3a34','450ea067-e23a-400a-9d03-f709e08a33e9','PADRÃO','ae5481e4-6f48-4d88-8be7-df777b2e7848',1,'2016-08-15 11:45:07.847000','2016-08-15 16:41:19.733000'),('0f97a37b-b321-45d0-9c1e-85d5d7bf6258','9e3c6a68-372e-435e-8def-3e71d040f671','PADRÃO','43ff8600-db2d-4ae7-bbc9-3ca07e3e9641',1,'2016-08-15 11:45:07.866000','2016-08-15 16:41:19.770000'),('39e68eaf-68a2-4a6b-a964-183d1597f99f','a995ac6c-a62b-4c20-9a93-c13032032326','PADRÃO','d00e5ea2-b953-43fa-b24d-579cbf4af7e8',1,'2016-08-15 11:45:07.877000','2016-08-15 16:41:19.780000'),('7cfcd160-1035-4065-a197-613dc209d4a6','13d7d368-f1b2-4a84-8bdc-c1f2fbce1fea','PADRÃO','6b78c5b8-6cbe-438a-a8db-0b20a2a85023',1,'2016-08-15 11:45:07.785000','2016-08-15 16:41:19.687000'),('8b6add11-87a6-4d07-911e-c05263399d37','4687cee2-bebf-4a8d-8dbe-cd5c0463ef4d','PADRÃO','92ed3ee7-9eb3-43c2-9c2f-5fb946ee139d',1,'2016-08-15 11:45:07.809000','2016-08-15 16:41:19.695000'),('cd4f53db-b996-4c97-8ad3-5dba3fb6f8f0','0691b7de-132c-44fd-9a44-b40a10579e8c','PADRÃO','894a2a90-fe35-48fc-bd29-ace3228e04f9',1,'2016-08-15 11:45:07.872000','2016-08-15 16:41:19.775000'),('eb7895d8-058d-4a98-9599-6b81098fef64','85aa106b-9a83-4f12-b3b4-44d4d3c07320','PADRÃO','aaf2dc4d-d887-4253-929c-979696445f9f',1,'2016-08-15 11:45:07.831000','2016-08-15 16:41:19.717000');
INSERT INTO `detectores` VALUES ('236e8edf-1ae6-467e-a82c-c211a5ca8fb7','84c4b4b8-40d9-494e-a16d-b881efd7e918','VEICULAR','ccdcc08b-f921-4c8e-b2d4-4d1d0d78a1e0','29624dd7-2ae1-458a-91da-748cf73b820f',NULL,2,NULL,1,NULL,NULL,NULL,NULL,'2016-08-15 11:45:35.595000','2016-08-15 16:41:19.682000'),('40e3fbab-10a0-46e0-8ff1-8f7c4daa01b4','5d8eaa54-e19a-4663-a26d-0d5b5dae3d5c','PEDESTRE','b05b4116-2bab-4f55-bb3e-8076cfef8dbe','e0cefffb-4a60-4fb4-b195-8acad6263d80',NULL,1,NULL,1,NULL,NULL,NULL,NULL,'2016-08-15 11:45:35.686000','2016-08-15 16:41:19.764000'),('9f1dcf61-fb43-4e22-88b7-bd9e363c16fa','3526d6f3-399f-45cb-800e-d4364e319136','VEICULAR','b6f04928-9213-4930-a525-ab354d36845f','157b7e2d-71ea-4c0d-9e7a-b44fba883d50',NULL,1,NULL,1,NULL,NULL,NULL,NULL,'2016-08-15 11:45:35.649000','2016-08-15 16:41:19.710000'),('bf783567-2178-4360-bb66-51fb85f83ef9','015ecb1c-aebd-4127-9b28-56580070271c','VEICULAR','ccdcc08b-f921-4c8e-b2d4-4d1d0d78a1e0','8f3a557f-a97d-41bb-939c-2d1ece6b606b',NULL,3,NULL,1,NULL,NULL,NULL,NULL,'2016-08-15 11:45:35.598000','2016-08-15 16:41:19.683000'),('efe7478c-4850-434e-aeb8-ee4252aba4ea','d7e42bd7-6fa9-485b-ab9f-8a58c21839f6','VEICULAR','ccdcc08b-f921-4c8e-b2d4-4d1d0d78a1e0','0e7b769d-bc91-4b73-8724-33e9de11053c',NULL,1,NULL,1,0,0,0,0,'2016-08-15 11:45:35.593000','2016-08-15 16:41:19.684000');
INSERT INTO `transicoes` VALUES ('02cd95e8-aa5f-4ab5-bf96-76bf8a56add7','dcbd4a13-c502-4a87-b2f1-4b19f729a2eb', 'GANHO_DE_PASSAGEM', '92ed3ee7-9eb3-43c2-9c2f-5fb946ee139d','29624dd7-2ae1-458a-91da-748cf73b820f','0e7b769d-bc91-4b73-8724-33e9de11053c',0,'2016-08-15 11:45:07.818000','2016-08-15 16:41:19.700000'),('079d52ce-2289-4cfa-8a03-c427289998be','0517e15d-7db5-401c-b0b6-254a0cf2cecd', 'GANHO_DE_PASSAGEM', '6b78c5b8-6cbe-438a-a8db-0b20a2a85023','0e7b769d-bc91-4b73-8724-33e9de11053c','29624dd7-2ae1-458a-91da-748cf73b820f',0,'2016-08-15 11:45:07.787000','2016-08-15 16:41:19.690000'),('0d86c99e-697b-438a-b3ec-af1dc493a820','9f7ea3f7-a8b4-4aea-a2ec-e97991d2320b', 'GANHO_DE_PASSAGEM', 'aaf2dc4d-d887-4253-929c-979696445f9f','a57efee1-9cec-4b82-8fae-a6be2615d97e','157b7e2d-71ea-4c0d-9e7a-b44fba883d50',0,'2016-08-15 11:45:07.839000','2016-08-15 16:41:19.724000'),('1d8d23a2-6def-4244-8e22-e67fbc718d97','451d1fd9-21a7-44e0-9d39-4c7668167f6c', 'GANHO_DE_PASSAGEM', '43ff8600-db2d-4ae7-bbc9-3ca07e3e9641','e0cefffb-4a60-4fb4-b195-8acad6263d80','decc556b-36b5-40dd-8cbe-362ebcdfa0be',0,'2016-08-15 11:45:07.869000','2016-08-15 16:41:19.772000'),('291a9eb0-25ed-4b16-953b-d92dd616b357','5008ae64-40fb-4d2a-ae7c-f57fe7029da2', 'GANHO_DE_PASSAGEM', '92ed3ee7-9eb3-43c2-9c2f-5fb946ee139d','8f3a557f-a97d-41bb-939c-2d1ece6b606b','29624dd7-2ae1-458a-91da-748cf73b820f',0,'2016-08-15 11:45:07.823000','2016-08-15 16:41:19.701000'),('31e34d91-17ed-4ea0-bb79-811109aa5aeb','2f0c3762-5037-46bc-bca6-a4b133ed132a', 'GANHO_DE_PASSAGEM', '92ed3ee7-9eb3-43c2-9c2f-5fb946ee139d','8f3a557f-a97d-41bb-939c-2d1ece6b606b','0e7b769d-bc91-4b73-8724-33e9de11053c',0,'2016-08-15 11:45:07.820000','2016-08-15 16:41:19.702000'),('392a5e51-2a26-4036-83da-095da6cc1fd8','cbf25bde-554b-41e2-b817-766a7faebb28', 'GANHO_DE_PASSAGEM', 'aaf2dc4d-d887-4253-929c-979696445f9f','801a7eb1-6bc1-41ac-9781-fcee1e9457cf','157b7e2d-71ea-4c0d-9e7a-b44fba883d50',0,'2016-08-15 11:45:07.835000','2016-08-15 16:41:19.725000'),('3b26de5d-2cf6-4420-8e1b-2a5c896d480c','51aaba75-0aaf-4092-8d14-d089bcc6dda5', 'GANHO_DE_PASSAGEM', '92ed3ee7-9eb3-43c2-9c2f-5fb946ee139d','29624dd7-2ae1-458a-91da-748cf73b820f','8f3a557f-a97d-41bb-939c-2d1ece6b606b',0,'2016-08-15 11:45:07.819000','2016-08-15 16:41:19.703000'),('44fadc26-b632-4fd6-8fd2-62c6ee82df5c','9a6ed95d-8e0a-4973-8081-71f707207706', 'GANHO_DE_PASSAGEM', 'ae5481e4-6f48-4d88-8be7-df777b2e7848','157b7e2d-71ea-4c0d-9e7a-b44fba883d50','644b7b7e-68a4-443f-b3aa-760297664203',0,'2016-08-15 11:45:07.854000','2016-08-15 16:41:19.749000'),('4a7da6c7-cd98-4b9e-a13d-eca340e6031f','2a929990-b410-4396-9853-ee64bc07b984', 'GANHO_DE_PASSAGEM', 'aaf2dc4d-d887-4253-929c-979696445f9f','801a7eb1-6bc1-41ac-9781-fcee1e9457cf','644b7b7e-68a4-443f-b3aa-760297664203',0,'2016-08-15 11:45:07.837000','2016-08-15 16:41:19.727000'),('592c14cb-a844-4d32-886e-83d343a5ae7e','d777b4e5-3d24-4639-8dc8-54ad80877f67', 'GANHO_DE_PASSAGEM', 'd00e5ea2-b953-43fa-b24d-579cbf4af7e8','3d8bbcba-2477-4b7d-93b6-cf1d51bd5914','e0cefffb-4a60-4fb4-b195-8acad6263d80',0,'2016-08-15 11:45:07.880000','2016-08-15 16:41:19.786000'),('60a23a21-6a5a-49b5-85eb-fd42bdafabf6','2e5fb728-9f25-4e0f-ba1c-b68da4554d65', 'GANHO_DE_PASSAGEM', 'aaf2dc4d-d887-4253-929c-979696445f9f','801a7eb1-6bc1-41ac-9781-fcee1e9457cf','a57efee1-9cec-4b82-8fae-a6be2615d97e',0,'2016-08-15 11:45:07.838000','2016-08-15 16:41:19.728000'),('77827150-8357-4611-94ba-e1043fe164a5','35b68a7d-179f-4bc6-9136-d0e96ce52107', 'GANHO_DE_PASSAGEM', 'ae5481e4-6f48-4d88-8be7-df777b2e7848','644b7b7e-68a4-443f-b3aa-760297664203','801a7eb1-6bc1-41ac-9781-fcee1e9457cf',0,'2016-08-15 11:45:07.859000','2016-08-15 16:41:19.751000'),('7eec95a5-8e9b-4099-8952-e50827bc346e','91c265aa-a472-40c4-a418-2415765de418', 'GANHO_DE_PASSAGEM', '6b78c5b8-6cbe-438a-a8db-0b20a2a85023','0e7b769d-bc91-4b73-8724-33e9de11053c','8f3a557f-a97d-41bb-939c-2d1ece6b606b',0,'2016-08-15 11:45:07.799000','2016-08-15 16:41:19.691000'),('9741cf0a-21fa-4636-84c5-2fcf17ad58b8','a969ad9d-4d0e-48fd-bf28-5b92571b4a77', 'GANHO_DE_PASSAGEM', '894a2a90-fe35-48fc-bd29-ace3228e04f9','decc556b-36b5-40dd-8cbe-362ebcdfa0be','3d8bbcba-2477-4b7d-93b6-cf1d51bd5914',0,'2016-08-15 11:45:07.873000','2016-08-15 16:41:19.778000'),('a42e9803-cf84-4875-b2b0-fef001d09a4a','e3ad0081-ddd6-4cd0-ab36-efd84db77a58', 'GANHO_DE_PASSAGEM', 'ae5481e4-6f48-4d88-8be7-df777b2e7848','157b7e2d-71ea-4c0d-9e7a-b44fba883d50','801a7eb1-6bc1-41ac-9781-fcee1e9457cf',0,'2016-08-15 11:45:07.855000','2016-08-15 16:41:19.752000'),('b4d39e37-1e9c-4800-a82f-bd66c6cf10e1','6e247707-676d-4b7d-9b72-26a559790e15', 'GANHO_DE_PASSAGEM', 'ae5481e4-6f48-4d88-8be7-df777b2e7848','644b7b7e-68a4-443f-b3aa-760297664203','157b7e2d-71ea-4c0d-9e7a-b44fba883d50',0,'2016-08-15 11:45:07.858000','2016-08-15 16:41:19.753000'),('bcbcf41f-bffe-4b4e-a99a-a9e66cbe2f55','cb82523a-8e98-4278-a471-428bb107b7c7', 'GANHO_DE_PASSAGEM', 'aaf2dc4d-d887-4253-929c-979696445f9f','a57efee1-9cec-4b82-8fae-a6be2615d97e','801a7eb1-6bc1-41ac-9781-fcee1e9457cf',0,'2016-08-15 11:45:07.842000','2016-08-15 16:41:19.729000'),('bda95ab8-6f63-47e4-ab12-a72bcdd8494f','35494d49-cb9b-463a-b6a9-d42c9a27ec6e', 'GANHO_DE_PASSAGEM', 'd00e5ea2-b953-43fa-b24d-579cbf4af7e8','3d8bbcba-2477-4b7d-93b6-cf1d51bd5914','decc556b-36b5-40dd-8cbe-362ebcdfa0be',0,'2016-08-15 11:45:07.879000','2016-08-15 16:41:19.786000'),('c866536b-2906-4bb4-b87d-55e1cf179512','4b4455ea-fe1d-4310-96fc-f556253d670c', 'GANHO_DE_PASSAGEM', 'aaf2dc4d-d887-4253-929c-979696445f9f','a57efee1-9cec-4b82-8fae-a6be2615d97e','644b7b7e-68a4-443f-b3aa-760297664203',0,'2016-08-15 11:45:07.841000','2016-08-15 16:41:19.730000'),('ca510411-4781-4a8d-841d-19ddd7c06913','ba54a536-2667-4125-893a-e5605a64bdab', 'GANHO_DE_PASSAGEM', '894a2a90-fe35-48fc-bd29-ace3228e04f9','decc556b-36b5-40dd-8cbe-362ebcdfa0be','e0cefffb-4a60-4fb4-b195-8acad6263d80',0,'2016-08-15 11:45:07.876000','2016-08-15 16:41:19.778000'),('dcc9a0f1-84d1-49ba-9056-77ae2a2d786f','0795ec36-2d58-4350-b015-b5f204e40e7f', 'GANHO_DE_PASSAGEM', '43ff8600-db2d-4ae7-bbc9-3ca07e3e9641','e0cefffb-4a60-4fb4-b195-8acad6263d80','3d8bbcba-2477-4b7d-93b6-cf1d51bd5914',0,'2016-08-15 11:45:07.868000','2016-08-15 16:41:19.773000'),('efc47b0e-ee15-46a7-a475-e1504c7518a7','f8f6e1d0-d598-473b-ac0d-8e78a02167ae', 'GANHO_DE_PASSAGEM', 'ae5481e4-6f48-4d88-8be7-df777b2e7848','644b7b7e-68a4-443f-b3aa-760297664203','a57efee1-9cec-4b82-8fae-a6be2615d97e',0,'2016-08-15 11:45:07.860000','2016-08-15 16:41:19.754000'),('f1f687f7-9bb6-44b6-8fa4-fe018f293d40','2fdcb650-6337-49b0-9d13-2552f805013c', 'GANHO_DE_PASSAGEM', 'ae5481e4-6f48-4d88-8be7-df777b2e7848','157b7e2d-71ea-4c0d-9e7a-b44fba883d50','a57efee1-9cec-4b82-8fae-a6be2615d97e',0,'2016-08-15 11:45:07.856000','2016-08-15 16:41:19.755000');
INSERT INTO `tabela_entre_verdes_transicao` VALUES ('00413739-fb2c-454f-ac68-2e61901d95d0','185e94d4-933d-493b-a934-29941e4a2847','0f97a37b-b321-45d0-9c1e-85d5d7bf6258','dcc9a0f1-84d1-49ba-9056-77ae2a2d786f',NULL,3,0,0,'2016-08-15 11:45:07.867000','2016-08-15 16:41:19.770000'),('1e1388f2-e1a7-4ad8-b90f-3be99082c9f7','015cb6a4-c413-4cdb-9cb9-6fb3a7b9a039','8b6add11-87a6-4d07-911e-c05263399d37','02cd95e8-aa5f-4ab5-bf96-76bf8a56add7',3,NULL,0,0,'2016-08-15 11:45:07.811000','2016-08-15 16:41:19.696000'),('3931db17-b177-45a4-8931-fb82bb5823a6','d848816a-06ae-4fdc-879c-75f429a6f273','8b6add11-87a6-4d07-911e-c05263399d37','31e34d91-17ed-4ea0-bb79-811109aa5aeb',3,NULL,0,0,'2016-08-15 11:45:07.817000','2016-08-15 16:41:19.696000'),('5377a1f0-b2f3-436c-aa33-643d909643b6','6d5cd289-2131-4679-8b13-d89a543eb125','39e68eaf-68a2-4a6b-a964-183d1597f99f','592c14cb-a844-4d32-886e-83d343a5ae7e',3,NULL,0,0,'2016-08-15 11:45:07.878000','2016-08-15 16:41:19.784000'),('5cbe8fee-a52e-4f62-ac50-46f0bb2cf94c','f8a51e72-82cb-4592-81bc-f76801b9e6ff','eb7895d8-058d-4a98-9599-6b81098fef64','60a23a21-6a5a-49b5-85eb-fd42bdafabf6',3,NULL,0,0,'2016-08-15 11:45:07.833000','2016-08-15 16:41:19.718000'),('5d8d8a76-a960-4e60-92f2-705ca20485c6','d8dbe7da-efad-4c7a-9576-36889c0fdf7c','39e68eaf-68a2-4a6b-a964-183d1597f99f','bda95ab8-6f63-47e4-ab12-a72bcdd8494f',3,NULL,0,0,'2016-08-15 11:45:07.878000','2016-08-15 16:41:19.785000'),('5fb4d8d1-b0d1-41bf-a68a-3330d12cfb69','6908927b-d6e5-41f9-b4eb-75d27b052943','0b6accf9-ea2d-4ba0-9155-c706c73f3a34','77827150-8357-4611-94ba-e1043fe164a5',3,NULL,0,0,'2016-08-15 11:45:07.853000','2016-08-15 16:41:19.735000'),('799248e9-c4a4-4045-a54f-ee32c3965416','995ea5d7-3145-4870-9013-03f7d40df987','cd4f53db-b996-4c97-8ad3-5dba3fb6f8f0','ca510411-4781-4a8d-841d-19ddd7c06913',3,NULL,0,0,'2016-08-15 11:45:07.873000','2016-08-15 16:41:19.776000'),('801d0fb3-abd1-4a66-88ca-97ab08000206','7293000d-d035-4e71-a5e5-391f1de6b74b','eb7895d8-058d-4a98-9599-6b81098fef64','0d86c99e-697b-438a-b3ec-af1dc493a820',3,NULL,0,0,'2016-08-15 11:45:07.834000','2016-08-15 16:41:19.719000'),('85a5fe5b-dbce-4e60-ad47-0d500a80a402','ded6a42e-7f65-4945-80ba-a6243ccb93a0','eb7895d8-058d-4a98-9599-6b81098fef64','392a5e51-2a26-4036-83da-095da6cc1fd8',3,NULL,0,0,'2016-08-15 11:45:07.832000','2016-08-15 16:41:19.720000'),('86053f2a-053c-4e29-a3ef-c038eb1ce139','60b77198-fcdd-420a-9704-d01584e4d76d','0b6accf9-ea2d-4ba0-9155-c706c73f3a34','b4d39e37-1e9c-4800-a82f-bd66c6cf10e1',3,NULL,0,0,'2016-08-15 11:45:07.852000','2016-08-15 16:41:19.736000'),('8d885636-c9a5-4626-b535-fae60d6629cb','f9fb7b92-1954-44cb-b712-f8213c98e95e','eb7895d8-058d-4a98-9599-6b81098fef64','c866536b-2906-4bb4-b87d-55e1cf179512',3,NULL,0,0,'2016-08-15 11:45:07.834000','2016-08-15 16:41:19.721000'),('8e75630b-c1fa-46c6-9a7b-5b044def33ca','85408e7f-6835-462a-978e-1987c4dfe13b','eb7895d8-058d-4a98-9599-6b81098fef64','bcbcf41f-bffe-4b4e-a99a-a9e66cbe2f55',3,NULL,0,0,'2016-08-15 11:45:07.835000','2016-08-15 16:41:19.722000'),('8ff20629-f878-459d-a115-c0586ed0c349','4c6da574-39bb-4868-b4f8-2fe42379750c','7cfcd160-1035-4065-a197-613dc209d4a6','079d52ce-2289-4cfa-8a03-c427289998be',3,NULL,0,0,'2016-08-15 11:45:07.785000','2016-08-15 16:41:19.688000'),('936951ab-a49d-4b3f-b92b-803ace123e7e','d03f509e-105b-4a22-828d-226419177892','0f97a37b-b321-45d0-9c1e-85d5d7bf6258','1d8d23a2-6def-4244-8e22-e67fbc718d97',NULL,3,0,0,'2016-08-15 11:45:07.867000','2016-08-15 16:41:19.771000'),('9d42a4aa-c071-4d82-b9e4-f841b9fc2b05','34dd3827-edd7-4870-b53c-73d3147a7d79','8b6add11-87a6-4d07-911e-c05263399d37','291a9eb0-25ed-4b16-953b-d92dd616b357',3,NULL,0,0,'2016-08-15 11:45:07.817000','2016-08-15 16:41:19.697000'),('9dd786b4-3654-4657-98ac-eba0dae55e6d','de8628a4-ef69-4755-b1c8-98033fd76283','0b6accf9-ea2d-4ba0-9155-c706c73f3a34','a42e9803-cf84-4875-b2b0-fef001d09a4a',3,NULL,0,0,'2016-08-15 11:45:07.851000','2016-08-15 16:41:19.739000'),('b544efde-dd6e-4c44-8fcd-c7e90f392ca9','d7e3aa4d-b86d-4ee4-81a9-b562dbe1202e','cd4f53db-b996-4c97-8ad3-5dba3fb6f8f0','9741cf0a-21fa-4636-84c5-2fcf17ad58b8',3,NULL,0,0,'2016-08-15 11:45:07.872000','2016-08-15 16:41:19.777000'),('b65a359f-f931-468b-99f7-9030e5c634d5','af1399b8-b651-48a6-913e-0ff5400b7d3f','8b6add11-87a6-4d07-911e-c05263399d37','3b26de5d-2cf6-4420-8e1b-2a5c896d480c',3,NULL,0,0,'2016-08-15 11:45:07.816000','2016-08-15 16:41:19.698000'),('c7e40397-2b0e-4fd6-9bfb-7809118ef7a7','09f14f89-66c3-4423-a23e-2adc81655db3','0b6accf9-ea2d-4ba0-9155-c706c73f3a34','f1f687f7-9bb6-44b6-8fa4-fe018f293d40',3,NULL,0,0,'2016-08-15 11:45:07.852000','2016-08-15 16:41:19.742000'),('cdc0c567-aff7-47ab-acdf-5abb174a8160','3397c7c2-9305-4242-995f-eb0b5256c0bb','7cfcd160-1035-4065-a197-613dc209d4a6','7eec95a5-8e9b-4099-8952-e50827bc346e',3,NULL,0,0,'2016-08-15 11:45:07.786000','2016-08-15 16:41:19.689000'),('ce7187a9-3ba2-486d-89e7-045384a089e8','c012f5c4-0429-46d4-955d-282db66a1583','0b6accf9-ea2d-4ba0-9155-c706c73f3a34','efc47b0e-ee15-46a7-a475-e1504c7518a7',3,NULL,0,0,'2016-08-15 11:45:07.853000','2016-08-15 16:41:19.745000'),('dea84431-8a75-4277-a5b5-05c3fd65e394','68da30c8-442b-461e-ac6f-abbb8a0442bf','eb7895d8-058d-4a98-9599-6b81098fef64','4a7da6c7-cd98-4b9e-a13d-eca340e6031f',3,NULL,0,0,'2016-08-15 11:45:07.833000','2016-08-15 16:41:19.723000'),('fb2203b2-a49c-47b5-97fb-0a9f0db422bc','f6f7e8c6-fc95-4ff2-8d0b-aeb0793a768d','0b6accf9-ea2d-4ba0-9155-c706c73f3a34','44fadc26-b632-4fd6-8fd2-62c6ee82df5c',3,NULL,0,0,'2016-08-15 11:45:07.848000','2016-08-15 16:41:19.748000');
INSERT INTO `verdes_conflitantes` VALUES ('1342bc40-8618-4169-9e0c-f0e35166d340','ce1be977-2402-48ac-b486-3a512afca92d','aaf2dc4d-d887-4253-929c-979696445f9f','ae5481e4-6f48-4d88-8be7-df777b2e7848','2016-08-15 11:44:50.086000','2016-08-15 16:41:19.716000'),('291a1184-a5b1-41c9-80a5-147cebd0d48e','e979a764-ac98-433f-ba81-ad03ef0f60fb','92ed3ee7-9eb3-43c2-9c2f-5fb946ee139d','6b78c5b8-6cbe-438a-a8db-0b20a2a85023','2016-08-15 11:44:50.079000','2016-08-15 16:41:19.686000'),('76a6e2da-bffa-4ad2-ab69-d4c87430f0ad','f1d23157-3f95-4ef0-90f5-33701e6eaf68','43ff8600-db2d-4ae7-bbc9-3ca07e3e9641','894a2a90-fe35-48fc-bd29-ace3228e04f9','2016-08-15 11:44:50.094000','2016-08-15 16:41:19.769000'),('aec4b759-1498-4d5e-9144-200f67e15a07','e58591fe-c941-4207-9196-ddb9e9f88845','894a2a90-fe35-48fc-bd29-ace3228e04f9','d00e5ea2-b953-43fa-b24d-579cbf4af7e8','2016-08-15 11:44:50.096000','2016-08-15 16:41:19.775000');

INSERT INTO `limite_area` VALUES ('14266ef6-ab1d-43fa-886b-3fd2876738e2','232f6a0c-d5db-4416-867e-175add65902f',-19.981869125022467,-44.03915762901306,4,'c9d83ede-6098-11e6-90cf-26627b42db81','2016-08-15 15:29:09.126000','2016-08-15 15:29:09.126000'),('1fce420a-cdbc-4093-9ba6-00b8ef1ed5e0','073acd84-2caa-4a01-8409-fac4fc2198c0',-19.976262894677113,-44.044307470321655,5,'de3f9743-a78b-42b4-bccf-73f3080c513a','2016-08-15 23:03:42.769000','2016-08-15 23:03:42.769000'),('2fa8121c-bed6-43e3-ab04-9167149d8c05','d8e025ef-abf7-4616-b6f1-4937d5af486f',-19.97607131133932,-44.03625011444092,14,'c9d83ede-6098-11e6-90cf-26627b42db81','2016-08-15 15:29:09.126000','2016-08-15 15:29:09.126000'),('3488953e-5173-48db-8587-f9354439aa20','9ac66f9c-cec8-40fd-b558-7a184e70d1c5',-19.979882767658864,-44.04099225997925,25,'de3f9743-a78b-42b4-bccf-73f3080c513a','2016-08-15 23:03:42.796000','2016-08-15 23:03:42.796000'),('365547a9-3445-4333-aeaf-4fc2cd0c3d52','26cbfdb3-b242-48a6-8e65-f584daa7141c',-19.978733290539797,-44.03953313827515,16,'c9d83ede-6098-11e6-90cf-26627b42db81','2016-08-15 15:29:09.126000','2016-08-15 15:29:09.126000'),('369eb6c8-4dda-4b6a-b0d3-a9bbe864098a','c362f6f2-1803-490d-a441-aa895f4428c3',-19.977825802681526,-44.0386962890625,24,'de3f9743-a78b-42b4-bccf-73f3080c513a','2016-08-15 23:03:42.796000','2016-08-15 23:03:42.796000'),('3966e6d2-2809-4870-91ec-9517e4c7f654','d038f38f-be5b-4c13-aff8-a00674eb8216',-19.97891478748441,-44.04189348220825,3,'de3f9743-a78b-42b4-bccf-73f3080c513a','2016-08-15 23:03:42.767000','2016-08-15 23:03:42.767000'),('3e3e85e8-1bd2-45df-822b-d7db285fe47c','a26533b1-eede-44a4-8c68-4cf5d07a7610',-19.974447885288434,-44.043095111846924,10,'de3f9743-a78b-42b4-bccf-73f3080c513a','2016-08-15 23:03:42.778000','2016-08-15 23:03:42.778000'),('47ecfbaf-68a5-42ae-96fd-0c19b18d98c9','12a8dcac-c465-4ccb-990b-3d7d4b55a73a',-19.977503139072695,-44.03861045837402,15,'c9d83ede-6098-11e6-90cf-26627b42db81','2016-08-15 15:29:09.126000','2016-08-15 15:29:09.126000'),('4e126f12-f667-4806-a747-069bcc1dbb62','c494c0da-1a81-472e-82e4-4f7cdf0aa511',-19.973389120160817,-44.03290271759033,20,'de3f9743-a78b-42b4-bccf-73f3080c513a','2016-08-15 23:03:42.792000','2016-08-15 23:03:42.792000'),('56acfa65-56d4-49bd-951d-9dc38e9e28ab','28e75a96-5b43-4395-a8f3-6cffe9591984',-19.97125140127887,-44.031175374984734,17,'de3f9743-a78b-42b4-bccf-73f3080c513a','2016-08-15 23:03:42.786000','2016-08-15 23:03:42.786000'),('5f5c841a-cba2-4b45-860d-47bff4d7caa9','d6b5ecfe-65d2-47c3-8577-442389c66e3d',-19.983048827950363,-44.03852462768555,6,'c9d83ede-6098-11e6-90cf-26627b42db81','2016-08-15 15:29:09.126000','2016-08-15 15:29:09.126000'),('6180d149-efe6-42e5-9cc6-bc84ea937756','4f6890d0-5fb5-4193-bef0-ae043d24c678',-19.982927833184757,-44.03472661972046,10,'c9d83ede-6098-11e6-90cf-26627b42db81','2016-08-15 15:29:09.126000','2016-08-15 15:29:09.126000'),('6edfc15e-38ca-4e38-88b0-fca792c1951a','dbfae1cd-b678-4086-a022-8f7695309512',-19.979429027692376,-44.04144287109375,2,'de3f9743-a78b-42b4-bccf-73f3080c513a','2016-08-15 23:03:42.766000','2016-08-15 23:03:42.766000'),('76018f5f-92ce-4756-a6b7-c92a9e703cad','62efff80-9a9f-4b25-a0e1-1e68c0458066',-19.979983598585125,-44.04097080230713,17,'c9d83ede-6098-11e6-90cf-26627b42db81','2016-08-15 15:29:09.126000','2016-08-15 15:29:09.126000'),('78bd81d3-22d8-4506-abaa-2bbbc4faa7d9','aba8bd01-6b30-4921-b502-eb4ce1cfe720',-19.979358445802404,-44.03223752975464,11,'c9d83ede-6098-11e6-90cf-26627b42db81','2016-08-15 15:29:09.126000','2016-08-15 15:29:09.126000'),('7a920408-82fe-4589-b0a8-770901ff6207','84fe55b7-8240-4fce-ae52-a6e950f972be',-19.974911723009043,-44.045337438583374,7,'de3f9743-a78b-42b4-bccf-73f3080c513a','2016-08-15 23:03:42.775000','2016-08-15 23:03:42.775000'),('7b83be10-5341-4073-8aa5-6a70a013c818','e60e5266-ae03-4a3e-b1f7-cd68d7e1da1b',-19.977462806075142,-44.03818130493164,22,'de3f9743-a78b-42b4-bccf-73f3080c513a','2016-08-15 23:03:42.794000','2016-08-15 23:03:42.794000'),('8095da9b-e492-4221-943b-4add87ca042b','34be4e20-17e4-4ded-aad3-0fc007848427',-19.96986993545157,-44.03720498085022,14,'de3f9743-a78b-42b4-bccf-73f3080c513a','2016-08-15 23:03:42.782000','2016-08-15 23:03:42.782000'),('815abd8a-42af-4a4b-81dd-8357074d5c3e','f7756ef6-0bcd-4160-9332-cff3527dc1e9',-19.96904306690326,-44.03470516204834,15,'de3f9743-a78b-42b4-bccf-73f3080c513a','2016-08-15 23:03:42.784000','2016-08-15 23:03:42.784000'),('8900a53b-d76f-4782-a048-41258a0d6eb1','3a6e7827-db60-4743-a020-4117052238fb',-19.973500038745737,-44.04138922691345,12,'de3f9743-a78b-42b4-bccf-73f3080c513a','2016-08-15 23:03:42.780000','2016-08-15 23:03:42.780000'),('89b1a694-cebe-4a5a-b2ec-9516bc2e600a','32c20d80-6f60-4f0d-b92c-9eee6eda615e',-19.977896385257896,-44.04285907745361,4,'de3f9743-a78b-42b4-bccf-73f3080c513a','2016-08-15 23:03:42.768000','2016-08-15 23:03:42.768000'),('8d0547eb-3d34-4d75-a745-8d71ca04ea2e','f91a7159-f64e-4556-a9f7-466a6484f222',-19.980880990986538,-44.040048122406,3,'c9d83ede-6098-11e6-90cf-26627b42db81','2016-08-15 15:29:09.126000','2016-08-15 15:29:09.126000'),('92d87433-9fd5-430e-9ac5-4468cd04d945','3fa5c5b5-0787-46dc-b49e-e29e8dfedd07',-19.98329081720284,-44.03543472290038,9,'c9d83ede-6098-11e6-90cf-26627b42db81','2016-08-15 15:29:09.126000','2016-08-15 15:29:09.126000'),('93e3af6a-c640-4c0a-9081-b7ca35f5dc13','4e23a926-2bd4-4974-a0b9-9e19293675ab',-19.983532806083648,-44.03702259063721,8,'c9d83ede-6098-11e6-90cf-26627b42db81','2016-08-15 15:29:09.126000','2016-08-15 15:29:09.126000'),('9564641f-e038-4974-ad9a-1eda266e42c8','0eff2e9f-8316-4070-beab-f98e41708c85',-19.979983598585125,-44.04097080230713,1,'c9d83ede-6098-11e6-90cf-26627b42db81','2016-08-15 15:29:09.126000','2016-08-15 15:29:09.126000'),('984a9056-6aaf-4f5e-8f3c-3c7f383e3fe6','a234814e-206f-4e77-a50b-9b6f2a3ee7ff',-19.977523305567598,-44.03865337371826,23,'de3f9743-a78b-42b4-bccf-73f3080c513a','2016-08-15 23:03:42.795000','2016-08-15 23:03:42.795000'),('9e02bb3d-00a9-4cfb-9c2a-2c0ab6606caf','f235c39d-87b4-49c0-9391-7ad97c991ea1',-19.97542597627775,-44.04512286186218,6,'de3f9743-a78b-42b4-bccf-73f3080c513a','2016-08-15 23:03:42.774000','2016-08-15 23:03:42.774000'),('a810a1c3-d583-4f91-a2a0-159270c00663','b85c0e38-7f80-4f58-8303-d329524614f7',-19.978067799954648,-44.03442621231079,12,'c9d83ede-6098-11e6-90cf-26627b42db81','2016-08-15 15:29:09.126000','2016-08-15 15:29:09.126000'),('b50e9554-2780-4df7-93db-85e116406311','82c568ab-4181-40ca-a0a6-5e58ac725f64',-19.974468052174227,-44.044650793075554,9,'de3f9743-a78b-42b4-bccf-73f3080c513a','2016-08-15 23:03:42.777000','2016-08-15 23:03:42.777000'),('b94039dd-c23a-461e-acc9-be8fb8166986','7e57fe8c-822a-4722-bb41-8d757c468f32',-19.97434705082074,-44.04239773750305,11,'de3f9743-a78b-42b4-bccf-73f3080c513a','2016-08-15 23:03:42.779000','2016-08-15 23:03:42.779000'),('bc1f4954-79e8-478a-800c-e9d9d983d493','f7d0f8dd-6ddd-4d6b-b687-0845b196f5e5',-19.982675760458,-44.03846025466919,5,'c9d83ede-6098-11e6-90cf-26627b42db81','2016-08-15 15:29:09.126000','2016-08-15 15:29:09.126000'),('c0f1119e-81b6-43eb-aef6-ad044f5d6adf','312b3f35-ea7d-4ccb-9b01-5ce6c5b6e72d',-19.980417170832858,-44.04048800468445,2,'c9d83ede-6098-11e6-90cf-26627b42db81','2016-08-15 15:29:09.126000','2016-08-15 15:29:09.126000'),('c3a97aa2-0062-4d60-89d2-0705bf9243f8','39668113-9288-4eb3-bbe5-408ba10b9541',-19.977160308264548,-44.0352201461792,13,'c9d83ede-6098-11e6-90cf-26627b42db81','2016-08-15 15:29:09.126000','2016-08-15 15:29:09.126000'),('c441a6f9-aeda-4f16-ba40-13e6521e7e53','df5ab50b-aef1-40f5-a719-50566383f17e',-19.975657893869645,-44.0356707572937,21,'de3f9743-a78b-42b4-bccf-73f3080c513a','2016-08-15 23:03:42.793000','2016-08-15 23:03:42.793000'),('ca8fc031-f212-4cf3-9fea-f82a1bc0d0dc','f05d2c49-e331-49e9-a382-61e6457b7edc',-19.97187658621501,-44.03149724006652,19,'de3f9743-a78b-42b4-bccf-73f3080c513a','2016-08-15 23:03:42.790000','2016-08-15 23:03:42.790000'),('d9705b74-79bb-4daa-95dd-880f0288ed3b','e6244607-678b-453b-8767-0514fc38e1cd',-19.971029560866928,-44.038578271865845,13,'de3f9743-a78b-42b4-bccf-73f3080c513a','2016-08-15 23:03:42.781000','2016-08-15 23:03:42.781000'),('e7b81a6e-3987-4d84-8898-3be65b5b4851','05352947-cdf6-406a-bc7a-89e92d67511c',-19.9712312339816,-44.031615257263184,16,'de3f9743-a78b-42b4-bccf-73f3080c513a','2016-08-15 23:03:42.785000','2016-08-15 23:03:42.785000'),('ed827f45-f798-4719-9a56-6e1f90c7be6a','1202bcee-7bf9-4a42-9409-c2617009f7a4',-19.98333114870879,-44.037816524505615,7,'c9d83ede-6098-11e6-90cf-26627b42db81','2016-08-15 15:29:09.126000','2016-08-15 15:29:09.126000'),('f29a2514-84b4-4b2d-9c40-2b4be1b4ab98','0337e40b-2677-4443-925b-eb300dbb5f1a',-19.974609220302582,-44.0451979637146,8,'de3f9743-a78b-42b4-bccf-73f3080c513a','2016-08-15 23:03:42.776000','2016-08-15 23:03:42.776000'),('fc6ec97c-6c0d-4ac6-ae01-5e2d68b5e716','5b870c91-6965-431c-840b-702aca590c1c',-19.979943266222357,-44.04097080230713,1,'de3f9743-a78b-42b4-bccf-73f3080c513a','2016-08-15 23:03:42.763000','2016-08-15 23:03:42.763000'),('fc757bfd-0836-43e3-bb22-42a077fa2026','370b8e56-20ea-4d81-970a-607611d5bfe1',-19.971695081166345,-44.03103590011597,18,'de3f9743-a78b-42b4-bccf-73f3080c513a','2016-08-15 23:03:42.789000','2016-08-15 23:03:42.789000');
